"Name","Project","Life Stage","FPKM value"
"RNASeq.elegans.BA671.WBls:0000041.Hermaphrodite.WBbt:0007833.SRP000401.SRX008136","RNASeq_Study.SRP000401","adult Ce","2043.670044"
"RNASeq.elegans.BY300.WBls:0000004.Hermaphrodite.WBbt:0006746.SRP000401.SRX1037996","RNASeq_Study.SRP000401","proliferating embryo Ce","1407.109985"
"RNASeq.elegans.CB1370.WBls:0000015.Hermaphrodite.WBbt:0007833.SRP000401.SRX100003","RNASeq_Study.SRP000401","elongating embryo Ce","471.227997"
"RNASeq.elegans.CB1370.WBls:0000031.Hermaphrodite.WBbt:0007833.SRP000401.SRX008139","RNASeq_Study.SRP000401","L2d-dauer molt Ce","519.734009"
"RNASeq.elegans.CB1370.WBls:0000031.Hermaphrodite.WBbt:0007833.SRP000401.SRX047470","RNASeq_Study.SRP000401","L2d-dauer molt Ce","696.955994"
"RNASeq.elegans.CB1370.WBls:0000031.Hermaphrodite.WBbt:0007833.SRP000401.SRX103273","RNASeq_Study.SRP000401","L2d-dauer molt Ce","294.700012"
"RNASeq.elegans.CB1370.WBls:0000031.Hermaphrodite.WBbt:0007833.SRP000401.SRX103274","RNASeq_Study.SRP000401","L2d-dauer molt Ce","268.970001"
"RNASeq.elegans.CB1370.WBls:0000031.Hermaphrodite.WBbt:0007833.SRP000401.SRX103275","RNASeq_Study.SRP000401","L2d-dauer molt Ce","504.806"
"RNASeq.elegans.CB1370.WBls:0000031.Hermaphrodite.WBbt:0007833.SRP000401.SRX103276","RNASeq_Study.SRP000401","L2d-dauer molt Ce","495.467987"
"RNASeq.elegans.CB1370.WBls:0000031.Hermaphrodite.WBbt:0007833.SRP000401.SRX103277","RNASeq_Study.SRP000401","L2d-dauer molt Ce","124.748001"
"RNASeq.elegans.CB1370.WBls:0000032.Hermaphrodite.WBbt:0007833.SRP000401.SRX008138","RNASeq_Study.SRP000401","dauer larva Ce","555.098022"
"RNASeq.elegans.CB1370.WBls:0000032.Hermaphrodite.WBbt:0007833.SRP000401.SRX103983","RNASeq_Study.SRP000401","dauer larva Ce","356.265015"
"RNASeq.elegans.CB1370.WBls:0000032.Hermaphrodite.WBbt:0007833.SRP000401.SRX103984","RNASeq_Study.SRP000401","dauer larva Ce","321.95401"
"RNASeq.elegans.CB1370.WBls:0000032.Hermaphrodite.WBbt:0007833.SRP000401.SRX103985","RNASeq_Study.SRP000401","dauer larva Ce","350.697998"
"RNASeq.elegans.CB1370.WBls:0000052.Hermaphrodite.WBbt:0007833.SRP000401.SRX008140","RNASeq_Study.SRP000401","post dauer stage Ce","1032.670044"
"RNASeq.elegans.CB1370.WBls:0000052.Hermaphrodite.WBbt:0007833.SRP000401.SRX037199","RNASeq_Study.SRP000401","post dauer stage Ce","476.076996"
"RNASeq.elegans.CB1370.WBls:0000052.Hermaphrodite.WBbt:0007833.SRP000401.SRX103269","RNASeq_Study.SRP000401","post dauer stage Ce","469.96701"
"RNASeq.elegans.CB1370.WBls:0000052.Hermaphrodite.WBbt:0007833.SRP000401.SRX103270","RNASeq_Study.SRP000401","post dauer stage Ce","440.834015"
"RNASeq.elegans.CB1370.WBls:0000052.Hermaphrodite.WBbt:0007833.SRP000401.SRX103271","RNASeq_Study.SRP000401","post dauer stage Ce","496.440002"
"RNASeq.elegans.CB1370.WBls:0000052.Hermaphrodite.WBbt:0007833.SRP000401.SRX103272","RNASeq_Study.SRP000401","post dauer stage Ce","495.571991"
"RNASeq.elegans.CB1370.WBls:0000052.Hermaphrodite.WBbt:0007833.SRP000401.SRX103278","RNASeq_Study.SRP000401","post dauer stage Ce","351.123993"
"RNASeq.elegans.CB1370.WBls:0000052.Hermaphrodite.WBbt:0007833.SRP000401.SRX103279","RNASeq_Study.SRP000401","post dauer stage Ce","302.178986"
"RNASeq.elegans.CB1370.WBls:0000052.Hermaphrodite.WBbt:0007833.SRP000401.SRX103280","RNASeq_Study.SRP000401","post dauer stage Ce","357.432007"
"RNASeq.elegans.CB1489.WBls:0000003.Male.WBbt:0007833.SRP000401.SRX011569","RNASeq_Study.SRP000401","embryo Ce","2023.349976"
"RNASeq.elegans.CB1489.WBls:0000003.Male.WBbt:0007833.SRP000401.SRX037198","RNASeq_Study.SRP000401","embryo Ce","2128.100098"
"RNASeq.elegans.CB4689.WBls:0000038.Male.WBbt:0007833.SRP000401.SRX004868","RNASeq_Study.SRP000401","L4 larva Ce","760.801025"
"RNASeq.elegans.CB4856.WBls:0000041.Hermaphrodite.WBbt:0007833.SRP041708.SRX533802","RNASeq_Study.SRP041708","adult Ce","3533.01001"
"RNASeq.elegans.CB4856.WBls:0000041.Hermaphrodite.WBbt:0007833.SRP041708.SRX533803","RNASeq_Study.SRP041708","adult Ce","3537.76001"
"RNASeq.elegans.CB4856.WBls:0000041.Hermaphrodite.WBbt:0007833.SRP041708.SRX533804","RNASeq_Study.SRP041708","adult Ce","3759.320068"
"RNASeq.elegans.CB4856.WBls:0000041.Male.WBbt:0006798.SRP041708.SRX533806","RNASeq_Study.SRP041708","adult Ce","663.617004"
"RNASeq.elegans.DA1262.WBls:0000002.Hermaphrodite.WBbt:0003903.SRP074511.SRX1746473","RNASeq_Study.SRP074511","all stages Ce","623.739014"
"RNASeq.elegans.DA1267.WBls:0000002.Hermaphrodite.WBbt:0005662.SRP074511.SRX1746483","RNASeq_Study.SRP074511","all stages Ce","1546.72998"
"RNASeq.elegans.DM8001.WBls:0000021.Hermaphrodite.WBbt:0005733.SRP000401.SRX1037998","RNASeq_Study.SRP000401","fully-elongated embryo Ce","95.593002"
"RNASeq.elegans.DM8001.WBls:0000021.Hermaphrodite.WBbt:0005733.SRP000401.SRX1038000","RNASeq_Study.SRP000401","fully-elongated embryo Ce","558.812988"
"RNASeq.elegans.DM8001.WBls:0000021.Hermaphrodite.WBbt:0005733.SRP000401.SRX1038001","RNASeq_Study.SRP000401","fully-elongated embryo Ce","238.130997"
"RNASeq.elegans.DR466.WBls:0000041.Male.WBbt:0006798.SRP014581.SRX170940","RNASeq_Study.SRP014581","adult Ce","34.578899"
"RNASeq.elegans.DZ685.WBls:0000003.Hermaphrodite.WBbt:0008378.SRP000401.SRX151598","RNASeq_Study.SRP000401","embryo Ce","367.552002"
"RNASeq.elegans.DZ685.WBls:0000003.Hermaphrodite.WBbt:0008378.SRP000401.SRX190363","RNASeq_Study.SRP000401","embryo Ce","412.621002"
"RNASeq.elegans.GD74.WBls:0000004.Hermaphrodite.WBbt:0003670.SRP000401.SRX1041666","RNASeq_Study.SRP000401","proliferating embryo Ce","232.477997"
"RNASeq.elegans.IE13700.WBls:0000002.Hermaphrodite.WBbt:0007833.SRP011038.SRX121892","RNASeq_Study.SRP011038","all stages Ce","1572.119995"
"RNASeq.elegans.IE13700.WBls:0000002.Hermaphrodite.WBbt:0007833.SRP011038.SRX121894","RNASeq_Study.SRP011038","all stages Ce","1540.75"
"RNASeq.elegans.IE13700.WBls:0000002.Hermaphrodite.WBbt:0007833.SRP011038.SRX121896","RNASeq_Study.SRP011038","all stages Ce","1197.579956"
"RNASeq.elegans.JK1107.WBls:0000038.Hermaphrodite.WBbt:0007833.SRP000401.SRX014010","RNASeq_Study.SRP000401","L4 larva Ce","838.435974"
"RNASeq.elegans.JK1107.WBls:0000038.Hermaphrodite.WBbt:0007833.SRP000401.SRX037200","RNASeq_Study.SRP000401","L4 larva Ce","916.893005"
"RNASeq.elegans.KU25.WBls:0000063.Hermaphrodite.WBbt:0007833.SRP015918.SRX189886","RNASeq_Study.SRP015918","newly molted young adult hermaphrodite Ce","787.255005"
"RNASeq.elegans.LE2544.WBls:0000024.Hermaphrodite.WBbt:0007833.SRP017621.SRX212092","RNASeq_Study.SRP017621","L1 larva Ce","344.007996"
"RNASeq.elegans.LE2544.WBls:0000024.Hermaphrodite.WBbt:0007833.SRP017621.SRX212095","RNASeq_Study.SRP017621","L1 larva Ce","370.356995"
"RNASeq.elegans.LE2544.WBls:0000024.Hermaphrodite.WBbt:0007833.SRP017621.SRX212097","RNASeq_Study.SRP017621","L1 larva Ce","766.880981"
"RNASeq.elegans.LE2544.WBls:0000024.Hermaphrodite.WBbt:0007833.SRP017621.SRX212098","RNASeq_Study.SRP017621","L1 larva Ce","783.04303"
"RNASeq.elegans.LE2544.WBls:0000024.Hermaphrodite.WBbt:0007833.SRP017621.SRX212099","RNASeq_Study.SRP017621","L1 larva Ce","676.351013"
"RNASeq.elegans.LE2544.WBls:0000024.Hermaphrodite.WBbt:0007833.SRP017621.SRX212100","RNASeq_Study.SRP017621","L1 larva Ce","668.56897"
"RNASeq.elegans.LE2544.WBls:0000024.Hermaphrodite.WBbt:0007833.SRP017621.SRX212101","RNASeq_Study.SRP017621","L1 larva Ce","898.846008"
"RNASeq.elegans.LE2544.WBls:0000024.Hermaphrodite.WBbt:0007833.SRP017621.SRX212102","RNASeq_Study.SRP017621","L1 larva Ce","901.096985"
"RNASeq.elegans.LE2962.WBls:0000024.Hermaphrodite.WBbt:0007833.SRP017621.SRX212103","RNASeq_Study.SRP017621","L1 larva Ce","580.174011"
"RNASeq.elegans.LE2962.WBls:0000024.Hermaphrodite.WBbt:0007833.SRP017621.SRX212104","RNASeq_Study.SRP017621","L1 larva Ce","569.440002"
"RNASeq.elegans.LE2962.WBls:0000024.Hermaphrodite.WBbt:0007833.SRP017621.SRX212105","RNASeq_Study.SRP017621","L1 larva Ce","834.458984"
"RNASeq.elegans.LE2962.WBls:0000024.Hermaphrodite.WBbt:0007833.SRP017621.SRX212106","RNASeq_Study.SRP017621","L1 larva Ce","825.617981"
"RNASeq.elegans.LE2962.WBls:0000024.Hermaphrodite.WBbt:0007833.SRP017621.SRX212107","RNASeq_Study.SRP017621","L1 larva Ce","785.346008"
"RNASeq.elegans.LE2962.WBls:0000024.Hermaphrodite.WBbt:0007833.SRP017621.SRX212109","RNASeq_Study.SRP017621","L1 larva Ce","788.271973"
"RNASeq.elegans.LE2963.WBls:0000024.Hermaphrodite.WBbt:0007833.SRP017621.SRX212112","RNASeq_Study.SRP017621","L1 larva Ce","887.109985"
"RNASeq.elegans.LE2963.WBls:0000024.Hermaphrodite.WBbt:0007833.SRP017621.SRX212113","RNASeq_Study.SRP017621","L1 larva Ce","889.864014"
"RNASeq.elegans.LE3037.WBls:0000024.Hermaphrodite.WBbt:0007833.SRP017621.SRX212116","RNASeq_Study.SRP017621","L1 larva Ce","823.344971"
"RNASeq.elegans.LE3037.WBls:0000024.Hermaphrodite.WBbt:0007833.SRP017621.SRX212118","RNASeq_Study.SRP017621","L1 larva Ce","823.843994"
"RNASeq.elegans.LE3037.WBls:0000024.Hermaphrodite.WBbt:0007833.SRP017621.SRX212119","RNASeq_Study.SRP017621","L1 larva Ce","629.721985"
"RNASeq.elegans.LE3037.WBls:0000024.Hermaphrodite.WBbt:0007833.SRP017621.SRX212120","RNASeq_Study.SRP017621","L1 larva Ce","630.973022"
"RNASeq.elegans.LE3037.WBls:0000024.Hermaphrodite.WBbt:0007833.SRP017621.SRX212121","RNASeq_Study.SRP017621","L1 larva Ce","670.515015"
"RNASeq.elegans.LE3037.WBls:0000024.Hermaphrodite.WBbt:0007833.SRP017621.SRX212122","RNASeq_Study.SRP017621","L1 larva Ce","665.820007"
"RNASeq.elegans.LX837.WBls:0000024.Hermaphrodite.WBbt:0003666.SRP000401.SRX145445","RNASeq_Study.SRP000401","L1 larva Ce","236.020004"
"RNASeq.elegans.LX837.WBls:0000024.Hermaphrodite.WBbt:0003666.SRP000401.SRX190368","RNASeq_Study.SRP000401","L1 larva Ce","824.08197"
"RNASeq.elegans.LX837.WBls:0000024.Hermaphrodite.WBbt:0003666.SRP000401.SRX732432","RNASeq_Study.SRP000401","L1 larva Ce","80.162003"
"RNASeq.elegans.MT10430.WBls:0000024.Hermaphrodite.WBbt:0007833.SRP000401.SRX049744","RNASeq_Study.SRP000401","L1 larva Ce","234.992004"
"RNASeq.elegans.MT10430.WBls:0000024.Hermaphrodite.WBbt:0007833.SRP000401.SRX050610","RNASeq_Study.SRP000401","L1 larva Ce","311.238007"
"RNASeq.elegans.MT17370.WBls:0000004.Hermaphrodite.WBbt:0006825.SRP000401.SRX1041557","RNASeq_Study.SRP000401","proliferating embryo Ce","510.100006"
"RNASeq.elegans.MT17370.WBls:0000004.Hermaphrodite.WBbt:0006825.SRP000401.SRX1041564","RNASeq_Study.SRP000401","proliferating embryo Ce","114.621002"
"RNASeq.elegans.N2.WBls:0000002.Hermaphrodite.WBbt:0007833.SRP000244.SRX029428","RNASeq_Study.SRP000244","all stages Ce","121.873001"
"RNASeq.elegans.N2.WBls:0000002.Hermaphrodite.WBbt:0007833.SRP000244.SRX029429","RNASeq_Study.SRP000244","all stages Ce","163.850998"
"RNASeq.elegans.N2.WBls:0000002.Hermaphrodite.WBbt:0007833.SRP000244.SRX029430","RNASeq_Study.SRP000244","all stages Ce","39.221199"
"RNASeq.elegans.N2.WBls:0000002.Hermaphrodite.WBbt:0007833.SRP000244.SRX029431","RNASeq_Study.SRP000244","all stages Ce","130.615997"
"RNASeq.elegans.N2.WBls:0000002.Hermaphrodite.WBbt:0007833.SRP000244.SRX029432","RNASeq_Study.SRP000244","all stages Ce","3.16584"
"RNASeq.elegans.N2.WBls:0000002.Hermaphrodite.WBbt:0007833.SRP000401.SRX047635","RNASeq_Study.SRP000401","all stages Ce","2209.97998"
"RNASeq.elegans.N2.WBls:0000002.Hermaphrodite.WBbt:0007833.SRP003783.SRX028190","RNASeq_Study.SRP003783","all stages Ce","769.137024"
"RNASeq.elegans.N2.WBls:0000002.Hermaphrodite.WBbt:0007833.SRP003783.SRX028192","RNASeq_Study.SRP003783","all stages Ce","688.422974"
"RNASeq.elegans.N2.WBls:0000002.Hermaphrodite.WBbt:0007833.SRP003783.SRX028204","RNASeq_Study.SRP003783","all stages Ce","480.487"
"RNASeq.elegans.N2.WBls:0000002.Hermaphrodite.WBbt:0007833.SRP011038.SRX121891","RNASeq_Study.SRP011038","all stages Ce","2240.75"
"RNASeq.elegans.N2.WBls:0000002.Hermaphrodite.WBbt:0007833.SRP011038.SRX121893","RNASeq_Study.SRP011038","all stages Ce","2279.699951"
"RNASeq.elegans.N2.WBls:0000002.Hermaphrodite.WBbt:0007833.SRP015332.SRX181515","RNASeq_Study.SRP015332","all stages Ce","315.756012"
"RNASeq.elegans.N2.WBls:0000002.Hermaphrodite.WBbt:0007833.SRP015332.SRX181516","RNASeq_Study.SRP015332","all stages Ce","303.087006"
"RNASeq.elegans.N2.WBls:0000002.Hermaphrodite.WBbt:0007833.SRP015332.SRX181517","RNASeq_Study.SRP015332","all stages Ce","359.276001"
"RNASeq.elegans.N2.WBls:0000002.Hermaphrodite.WBbt:0007833.SRP015332.SRX181518","RNASeq_Study.SRP015332","all stages Ce","316.110992"
"RNASeq.elegans.N2.WBls:0000002.Hermaphrodite.WBbt:0007833.SRP015688.SRX185637","RNASeq_Study.SRP015688","all stages Ce","2096.530029"
"RNASeq.elegans.N2.WBls:0000002.Hermaphrodite.WBbt:0007833.SRP018867.SRX245821","RNASeq_Study.SRP018867","all stages Ce","693.05603"
"RNASeq.elegans.N2.WBls:0000002.Hermaphrodite.WBbt:0007833.SRP018867.SRX245822","RNASeq_Study.SRP018867","all stages Ce","663.322998"
"RNASeq.elegans.N2.WBls:0000002.Hermaphrodite.WBbt:0007833.SRP018867.SRX245823","RNASeq_Study.SRP018867","all stages Ce","614.117004"
"RNASeq.elegans.N2.WBls:0000002.Hermaphrodite.WBbt:0007833.SRP018867.SRX245824","RNASeq_Study.SRP018867","all stages Ce","430.179993"
"RNASeq.elegans.N2.WBls:0000002.Hermaphrodite.WBbt:0007833.SRP018867.SRX245826","RNASeq_Study.SRP018867","all stages Ce","573.174988"
"RNASeq.elegans.N2.WBls:0000002.Hermaphrodite.WBbt:0007833.SRP018867.SRX245827","RNASeq_Study.SRP018867","all stages Ce","658.143005"
"RNASeq.elegans.N2.WBls:0000002.Hermaphrodite.WBbt:0007833.SRP018867.SRX245828","RNASeq_Study.SRP018867","all stages Ce","464.759003"
"RNASeq.elegans.N2.WBls:0000002.Hermaphrodite.WBbt:0007833.SRP018867.SRX245829","RNASeq_Study.SRP018867","all stages Ce","387.020996"
"RNASeq.elegans.N2.WBls:0000002.Hermaphrodite.WBbt:0007833.SRP028602.SRX332740","RNASeq_Study.SRP028602","all stages Ce","1329.599976"
"RNASeq.elegans.N2.WBls:0000002.Hermaphrodite.WBbt:0007833.SRP028602.SRX332741","RNASeq_Study.SRP028602","all stages Ce","1430.030029"
"RNASeq.elegans.N2.WBls:0000002.Hermaphrodite.WBbt:0007833.SRP028602.SRX332743","RNASeq_Study.SRP028602","all stages Ce","1356.390015"
"RNASeq.elegans.N2.WBls:0000002.Hermaphrodite.WBbt:0007833.SRP028602.SRX332744","RNASeq_Study.SRP028602","all stages Ce","1485.619995"
"RNASeq.elegans.N2.WBls:0000002.Hermaphrodite.WBbt:0007833.SRP028602.SRX332747","RNASeq_Study.SRP028602","all stages Ce","1334.209961"
"RNASeq.elegans.N2.WBls:0000002.Hermaphrodite.WBbt:0007833.SRP028602.SRX332748","RNASeq_Study.SRP028602","all stages Ce","1411.319946"
"RNASeq.elegans.N2.WBls:0000002.Hermaphrodite.WBbt:0007833.SRP030526.SRX360655","RNASeq_Study.SRP030526","all stages Ce","91.5811"
"RNASeq.elegans.N2.WBls:0000002.Hermaphrodite.WBbt:0007833.SRP030526.SRX360860","RNASeq_Study.SRP030526","all stages Ce","74.491203"
"RNASeq.elegans.N2.WBls:0000002.Hermaphrodite.WBbt:0007833.SRP030526.SRX362654","RNASeq_Study.SRP030526","all stages Ce","97.663399"
"RNASeq.elegans.N2.WBls:0000002.Hermaphrodite.WBbt:0007833.SRP031831.SRX366861","RNASeq_Study.SRP031831","all stages Ce","1972.079956"
"RNASeq.elegans.N2.WBls:0000002.Hermaphrodite.WBbt:0007833.SRP031831.SRX366862","RNASeq_Study.SRP031831","all stages Ce","1566.680054"
"RNASeq.elegans.N2.WBls:0000002.Hermaphrodite.WBbt:0007833.SRP031831.SRX366863","RNASeq_Study.SRP031831","all stages Ce","1612.819946"
"RNASeq.elegans.N2.WBls:0000002.Hermaphrodite.WBbt:0007833.SRP031831.SRX366864","RNASeq_Study.SRP031831","all stages Ce","1753.189941"
"RNASeq.elegans.N2.WBls:0000002.Hermaphrodite.WBbt:0007833.SRP031831.SRX366866","RNASeq_Study.SRP031831","all stages Ce","1907.540039"
"RNASeq.elegans.N2.WBls:0000002.Hermaphrodite.WBbt:0007833.SRP031831.SRX366867","RNASeq_Study.SRP031831","all stages Ce","1661.050049"
"RNASeq.elegans.N2.WBls:0000002.Hermaphrodite.WBbt:0007833.SRP031831.SRX366868","RNASeq_Study.SRP031831","all stages Ce","1937.689941"
"RNASeq.elegans.N2.WBls:0000002.Hermaphrodite.WBbt:0007833.SRP034522.SRX392704","RNASeq_Study.SRP034522","all stages Ce","1363.51001"
"RNASeq.elegans.N2.WBls:0000002.Hermaphrodite.WBbt:0007833.SRP034522.SRX392705","RNASeq_Study.SRP034522","all stages Ce","837.517029"
"RNASeq.elegans.N2.WBls:0000002.Hermaphrodite.WBbt:0007833.SRP044752.SRX659943","RNASeq_Study.SRP044752","all stages Ce","1320.160034"
"RNASeq.elegans.N2.WBls:0000002.Hermaphrodite.WBbt:0007833.SRP044752.SRX659944","RNASeq_Study.SRP044752","all stages Ce","1193.77002"
"RNASeq.elegans.N2.WBls:0000002.Hermaphrodite.WBbt:0007833.SRP044752.SRX659945","RNASeq_Study.SRP044752","all stages Ce","642.848999"
"RNASeq.elegans.N2.WBls:0000002.Hermaphrodite.WBbt:0007833.SRP044752.SRX659946","RNASeq_Study.SRP044752","all stages Ce","839.627014"
"RNASeq.elegans.N2.WBls:0000002.Hermaphrodite.WBbt:0007833.SRP044752.SRX659948","RNASeq_Study.SRP044752","all stages Ce","25.3589"
"RNASeq.elegans.N2.WBls:0000002.Male.WBbt:0007833.SRP003783.SRX028194","RNASeq_Study.SRP003783","all stages Ce","948.401978"
"RNASeq.elegans.N2.WBls:0000003.Hermaphrodite.WBbt:0007833.SRP058023.SRX1019174","RNASeq_Study.SRP058023","embryo Ce","700.984009"
"RNASeq.elegans.N2.WBls:0000003.Hermaphrodite.WBbt:0007833.SRP058023.SRX1019175","RNASeq_Study.SRP058023","embryo Ce","557.088989"
"RNASeq.elegans.N2.WBls:0000004.Hermaphrodite.WBbt:0007833.SRP000401.SRX004863","RNASeq_Study.SRP000401","proliferating embryo Ce","891.867981"
"RNASeq.elegans.N2.WBls:0000004.Hermaphrodite.WBbt:0007833.SRP000401.SRX004866","RNASeq_Study.SRP000401","proliferating embryo Ce","623.20697"
"RNASeq.elegans.N2.WBls:0000004.Hermaphrodite.WBbt:0007833.SRP000401.SRX037197","RNASeq_Study.SRP000401","proliferating embryo Ce","698.278992"
"RNASeq.elegans.N2.WBls:0000004.Hermaphrodite.WBbt:0007833.SRP000401.SRX085111","RNASeq_Study.SRP000401","proliferating embryo Ce","5961.02002"
"RNASeq.elegans.N2.WBls:0000004.Hermaphrodite.WBbt:0007833.SRP000401.SRX085112","RNASeq_Study.SRP000401","proliferating embryo Ce","5388.589844"
"RNASeq.elegans.N2.WBls:0000004.Hermaphrodite.WBbt:0007833.SRP000401.SRX092371","RNASeq_Study.SRP000401","proliferating embryo Ce","5404.47998"
"RNASeq.elegans.N2.WBls:0000004.Hermaphrodite.WBbt:0007833.SRP000401.SRX092372","RNASeq_Study.SRP000401","proliferating embryo Ce","5541.370117"
"RNASeq.elegans.N2.WBls:0000004.Hermaphrodite.WBbt:0007833.SRP000401.SRX092477","RNASeq_Study.SRP000401","proliferating embryo Ce","6746.100098"
"RNASeq.elegans.N2.WBls:0000004.Hermaphrodite.WBbt:0007833.SRP000401.SRX092478","RNASeq_Study.SRP000401","proliferating embryo Ce","6843.080078"
"RNASeq.elegans.N2.WBls:0000004.Hermaphrodite.WBbt:0007833.SRP000401.SRX092479","RNASeq_Study.SRP000401","proliferating embryo Ce","5123.470215"
"RNASeq.elegans.N2.WBls:0000004.Hermaphrodite.WBbt:0007833.SRP000401.SRX092480","RNASeq_Study.SRP000401","proliferating embryo Ce","5244.700195"
"RNASeq.elegans.N2.WBls:0000004.Hermaphrodite.WBbt:0007833.SRP000401.SRX099901","RNASeq_Study.SRP000401","proliferating embryo Ce","7073.160156"
"RNASeq.elegans.N2.WBls:0000004.Hermaphrodite.WBbt:0007833.SRP000401.SRX099902","RNASeq_Study.SRP000401","proliferating embryo Ce","7553.959961"
"RNASeq.elegans.N2.WBls:0000004.Hermaphrodite.WBbt:0007833.SRP000401.SRX099907","RNASeq_Study.SRP000401","proliferating embryo Ce","5086.419922"
"RNASeq.elegans.N2.WBls:0000004.Hermaphrodite.WBbt:0007833.SRP000401.SRX1020634","RNASeq_Study.SRP000401","proliferating embryo Ce","1286.560059"
"RNASeq.elegans.N2.WBls:0000004.Hermaphrodite.WBbt:0007833.SRP000401.SRX1020635","RNASeq_Study.SRP000401","proliferating embryo Ce","1190.189941"
"RNASeq.elegans.N2.WBls:0000004.Hermaphrodite.WBbt:0007833.SRP000401.SRX1020636","RNASeq_Study.SRP000401","proliferating embryo Ce","1315.02002"
"RNASeq.elegans.N2.WBls:0000004.Hermaphrodite.WBbt:0007833.SRP000401.SRX1020637","RNASeq_Study.SRP000401","proliferating embryo Ce","1159.300049"
"RNASeq.elegans.N2.WBls:0000004.Hermaphrodite.WBbt:0007833.SRP000401.SRX1020638","RNASeq_Study.SRP000401","proliferating embryo Ce","1923.140015"
"RNASeq.elegans.N2.WBls:0000004.Hermaphrodite.WBbt:0007833.SRP000401.SRX1020639","RNASeq_Study.SRP000401","proliferating embryo Ce","1640.349976"
"RNASeq.elegans.N2.WBls:0000004.Hermaphrodite.WBbt:0007833.SRP000401.SRX1020640","RNASeq_Study.SRP000401","proliferating embryo Ce","1873.47998"
"RNASeq.elegans.N2.WBls:0000004.Hermaphrodite.WBbt:0007833.SRP000401.SRX1020641","RNASeq_Study.SRP000401","proliferating embryo Ce","1702.780029"
"RNASeq.elegans.N2.WBls:0000004.Hermaphrodite.WBbt:0007833.SRP000401.SRX1022599","RNASeq_Study.SRP000401","proliferating embryo Ce","320.859985"
"RNASeq.elegans.N2.WBls:0000004.Hermaphrodite.WBbt:0007833.SRP000401.SRX1022600","RNASeq_Study.SRP000401","proliferating embryo Ce","739.296021"
"RNASeq.elegans.N2.WBls:0000004.Hermaphrodite.WBbt:0007833.SRP000401.SRX1022605","RNASeq_Study.SRP000401","proliferating embryo Ce","434.44101"
"RNASeq.elegans.N2.WBls:0000004.Hermaphrodite.WBbt:0007833.SRP000401.SRX1022610","RNASeq_Study.SRP000401","proliferating embryo Ce","1440.900024"
"RNASeq.elegans.N2.WBls:0000004.Hermaphrodite.WBbt:0007833.SRP000401.SRX1022611","RNASeq_Study.SRP000401","proliferating embryo Ce","921.39502"
"RNASeq.elegans.N2.WBls:0000004.Hermaphrodite.WBbt:0007833.SRP000401.SRX103649","RNASeq_Study.SRP000401","proliferating embryo Ce","6812.589844"
"RNASeq.elegans.N2.WBls:0000004.Hermaphrodite.WBbt:0007833.SRP000401.SRX103650","RNASeq_Study.SRP000401","proliferating embryo Ce","5585.470215"
"RNASeq.elegans.N2.WBls:0000004.Hermaphrodite.WBbt:0007833.SRP000401.SRX103651","RNASeq_Study.SRP000401","proliferating embryo Ce","5378.790039"
"RNASeq.elegans.N2.WBls:0000004.Hermaphrodite.WBbt:0007833.SRP000401.SRX145486","RNASeq_Study.SRP000401","proliferating embryo Ce","725.205994"
"RNASeq.elegans.N2.WBls:0000004.Hermaphrodite.WBbt:0007833.SRP000401.SRX145660","RNASeq_Study.SRP000401","proliferating embryo Ce","765.562988"
"RNASeq.elegans.N2.WBls:0000004.Hermaphrodite.WBbt:0007833.SRP000401.SRX151597","RNASeq_Study.SRP000401","proliferating embryo Ce","332.533997"
"RNASeq.elegans.N2.WBls:0000004.Hermaphrodite.WBbt:0007833.SRP000401.SRX190364","RNASeq_Study.SRP000401","proliferating embryo Ce","241.378998"
"RNASeq.elegans.N2.WBls:0000004.Hermaphrodite.WBbt:0007833.SRP000401.SRX190369","RNASeq_Study.SRP000401","proliferating embryo Ce","1165.689941"
"RNASeq.elegans.N2.WBls:0000006.Hermaphrodite.WBbt:0007833.SRP041708.SRX533799","RNASeq_Study.SRP041708","1-cell embryo Ce","1224.160034"
"RNASeq.elegans.N2.WBls:0000006.Hermaphrodite.WBbt:0007833.SRP041708.SRX533800","RNASeq_Study.SRP041708","1-cell embryo Ce","1234.75"
"RNASeq.elegans.N2.WBls:0000007.Hermaphrodite.WBbt:0004015.SRP029448.SRX343218","RNASeq_Study.SRP029448","2-cell embryo Ce","2238.290039"
"RNASeq.elegans.N2.WBls:0000007.Hermaphrodite.WBbt:0004015.SRP029448.SRX343219","RNASeq_Study.SRP029448","2-cell embryo Ce","2171.790039"
"RNASeq.elegans.N2.WBls:0000007.Hermaphrodite.WBbt:0007833.SRP029448.SRX343215","RNASeq_Study.SRP029448","2-cell embryo Ce","2267.919922"
"RNASeq.elegans.N2.WBls:0000007.Hermaphrodite.WBbt:0007833.SRP029448.SRX343216","RNASeq_Study.SRP029448","2-cell embryo Ce","2565.409912"
"RNASeq.elegans.N2.WBls:0000008.Hermaphrodite.WBbt:0007833.SRP000401.SRX085219","RNASeq_Study.SRP000401","4-cell embryo Ce","606.523987"
"RNASeq.elegans.N2.WBls:0000008.Hermaphrodite.WBbt:0007833.SRP000401.SRX145480","RNASeq_Study.SRP000401","4-cell embryo Ce","839.620972"
"RNASeq.elegans.N2.WBls:0000010.Hermaphrodite.WBbt:0005772.SRP000401.SRX145482","RNASeq_Study.SRP000401","gastrulating embryo Ce","915.875977"
"RNASeq.elegans.N2.WBls:0000010.Hermaphrodite.WBbt:0007833.SRP000401.SRX085217","RNASeq_Study.SRP000401","gastrulating embryo Ce","4105.910156"
"RNASeq.elegans.N2.WBls:0000010.Hermaphrodite.WBbt:0007833.SRP000401.SRX085218","RNASeq_Study.SRP000401","gastrulating embryo Ce","4923.299805"
"RNASeq.elegans.N2.WBls:0000010.Hermaphrodite.WBbt:0007833.SRP000401.SRX099995","RNASeq_Study.SRP000401","gastrulating embryo Ce","507.915985"
"RNASeq.elegans.N2.WBls:0000010.Hermaphrodite.WBbt:0007833.SRP000401.SRX1020630","RNASeq_Study.SRP000401","gastrulating embryo Ce","1247.959961"
"RNASeq.elegans.N2.WBls:0000010.Hermaphrodite.WBbt:0007833.SRP000401.SRX1020631","RNASeq_Study.SRP000401","gastrulating embryo Ce","1347.670044"
"RNASeq.elegans.N2.WBls:0000010.Hermaphrodite.WBbt:0007833.SRP000401.SRX1020633","RNASeq_Study.SRP000401","gastrulating embryo Ce","569.960999"
"RNASeq.elegans.N2.WBls:0000010.Hermaphrodite.WBbt:0007833.SRP000401.SRX1022585","RNASeq_Study.SRP000401","gastrulating embryo Ce","663.81897"
"RNASeq.elegans.N2.WBls:0000010.Hermaphrodite.WBbt:0007833.SRP000401.SRX1022601","RNASeq_Study.SRP000401","gastrulating embryo Ce","267.335999"
"RNASeq.elegans.N2.WBls:0000010.Hermaphrodite.WBbt:0007833.SRP000401.SRX1022602","RNASeq_Study.SRP000401","gastrulating embryo Ce","320.649994"
"RNASeq.elegans.N2.WBls:0000010.Hermaphrodite.WBbt:0007833.SRP000401.SRX1022603","RNASeq_Study.SRP000401","gastrulating embryo Ce","242.216995"
"RNASeq.elegans.N2.WBls:0000010.Hermaphrodite.WBbt:0007833.SRP000401.SRX1022645","RNASeq_Study.SRP000401","gastrulating embryo Ce","459.96701"
"RNASeq.elegans.N2.WBls:0000010.Hermaphrodite.WBbt:0007833.SRP000401.SRX1022646","RNASeq_Study.SRP000401","gastrulating embryo Ce","439.25"
"RNASeq.elegans.N2.WBls:0000010.Hermaphrodite.WBbt:0007833.SRP000401.SRX1022647","RNASeq_Study.SRP000401","gastrulating embryo Ce","332.453003"
"RNASeq.elegans.N2.WBls:0000013.Hermaphrodite.WBbt:0007833.SRP000401.SRX099987","RNASeq_Study.SRP000401","enclosing embryo Ce","802.328003"
"RNASeq.elegans.N2.WBls:0000013.Hermaphrodite.WBbt:0007833.SRP000401.SRX099996","RNASeq_Study.SRP000401","enclosing embryo Ce","570.26001"
"RNASeq.elegans.N2.WBls:0000013.Hermaphrodite.WBbt:0007833.SRP000401.SRX099997","RNASeq_Study.SRP000401","enclosing embryo Ce","304.434998"
"RNASeq.elegans.N2.WBls:0000013.Hermaphrodite.WBbt:0007833.SRP000401.SRX099998","RNASeq_Study.SRP000401","enclosing embryo Ce","514.153015"
"RNASeq.elegans.N2.WBls:0000013.Hermaphrodite.WBbt:0007833.SRP000401.SRX1022570","RNASeq_Study.SRP000401","enclosing embryo Ce","444.628998"
"RNASeq.elegans.N2.WBls:0000013.Hermaphrodite.WBbt:0007833.SRP000401.SRX1022571","RNASeq_Study.SRP000401","enclosing embryo Ce","389.312988"
"RNASeq.elegans.N2.WBls:0000013.Hermaphrodite.WBbt:0007833.SRP000401.SRX1022604","RNASeq_Study.SRP000401","enclosing embryo Ce","311.64801"
"RNASeq.elegans.N2.WBls:0000013.Hermaphrodite.WBbt:0007833.SRP000401.SRX1022648","RNASeq_Study.SRP000401","enclosing embryo Ce","254.552002"
"RNASeq.elegans.N2.WBls:0000013.Hermaphrodite.WBbt:0007833.SRP000401.SRX103652","RNASeq_Study.SRP000401","enclosing embryo Ce","493.549988"
"RNASeq.elegans.N2.WBls:0000013.Hermaphrodite.WBbt:0007833.SRP000401.SRX103653","RNASeq_Study.SRP000401","enclosing embryo Ce","899.390015"
"RNASeq.elegans.N2.WBls:0000014.Hermaphrodite.WBbt:0007833.SRP000401.SRX099980","RNASeq_Study.SRP000401","late cleavage stage embryo Ce","502.002991"
"RNASeq.elegans.N2.WBls:0000014.Hermaphrodite.WBbt:0007833.SRP000401.SRX099981","RNASeq_Study.SRP000401","late cleavage stage embryo Ce","1036.170044"
"RNASeq.elegans.N2.WBls:0000014.Hermaphrodite.WBbt:0007833.SRP000401.SRX099999","RNASeq_Study.SRP000401","late cleavage stage embryo Ce","646.442017"
"RNASeq.elegans.N2.WBls:0000014.Hermaphrodite.WBbt:0007833.SRP000401.SRX100000","RNASeq_Study.SRP000401","late cleavage stage embryo Ce","580.685974"
"RNASeq.elegans.N2.WBls:0000014.Hermaphrodite.WBbt:0007833.SRP000401.SRX100001","RNASeq_Study.SRP000401","late cleavage stage embryo Ce","568.335999"
"RNASeq.elegans.N2.WBls:0000014.Hermaphrodite.WBbt:0007833.SRP000401.SRX100819","RNASeq_Study.SRP000401","late cleavage stage embryo Ce","516.786987"
"RNASeq.elegans.N2.WBls:0000014.Hermaphrodite.WBbt:0007833.SRP000401.SRX1022568","RNASeq_Study.SRP000401","late cleavage stage embryo Ce","385.609009"
"RNASeq.elegans.N2.WBls:0000014.Hermaphrodite.WBbt:0007833.SRP000401.SRX1022569","RNASeq_Study.SRP000401","late cleavage stage embryo Ce","388.809998"
"RNASeq.elegans.N2.WBls:0000014.Hermaphrodite.WBbt:0007833.SRP000401.SRX1022572","RNASeq_Study.SRP000401","late cleavage stage embryo Ce","299.811005"
"RNASeq.elegans.N2.WBls:0000014.Hermaphrodite.WBbt:0007833.SRP000401.SRX1022573","RNASeq_Study.SRP000401","late cleavage stage embryo Ce","194.673996"
"RNASeq.elegans.N2.WBls:0000014.Hermaphrodite.WBbt:0007833.SRP000401.SRX1022575","RNASeq_Study.SRP000401","late cleavage stage embryo Ce","271.306"
"RNASeq.elegans.N2.WBls:0000014.Hermaphrodite.WBbt:0007833.SRP000401.SRX1022580","RNASeq_Study.SRP000401","late cleavage stage embryo Ce","310.610992"
"RNASeq.elegans.N2.WBls:0000014.Hermaphrodite.WBbt:0007833.SRP000401.SRX1022581","RNASeq_Study.SRP000401","late cleavage stage embryo Ce","352.166992"
"RNASeq.elegans.N2.WBls:0000014.Hermaphrodite.WBbt:0007833.SRP000401.SRX1022607","RNASeq_Study.SRP000401","late cleavage stage embryo Ce","292.04599"
"RNASeq.elegans.N2.WBls:0000014.Hermaphrodite.WBbt:0007833.SRP000401.SRX1022608","RNASeq_Study.SRP000401","late cleavage stage embryo Ce","281.528015"
"RNASeq.elegans.N2.WBls:0000014.Hermaphrodite.WBbt:0007833.SRP000401.SRX1022649","RNASeq_Study.SRP000401","late cleavage stage embryo Ce","293.927002"
"RNASeq.elegans.N2.WBls:0000014.Hermaphrodite.WBbt:0007833.SRP000401.SRX1022651","RNASeq_Study.SRP000401","late cleavage stage embryo Ce","214.514008"
"RNASeq.elegans.N2.WBls:0000014.Hermaphrodite.WBbt:0007833.SRP000401.SRX1022652","RNASeq_Study.SRP000401","late cleavage stage embryo Ce","277.040009"
"RNASeq.elegans.N2.WBls:0000014.Hermaphrodite.WBbt:0007833.SRP000401.SRX103677","RNASeq_Study.SRP000401","late cleavage stage embryo Ce","649.752014"
"RNASeq.elegans.N2.WBls:0000015.Hermaphrodite.WBbt:0007833.SRP000401.SRX099982","RNASeq_Study.SRP000401","elongating embryo Ce","621.007996"
"RNASeq.elegans.N2.WBls:0000015.Hermaphrodite.WBbt:0007833.SRP000401.SRX099983","RNASeq_Study.SRP000401","elongating embryo Ce","429.307007"
"RNASeq.elegans.N2.WBls:0000015.Hermaphrodite.WBbt:0007833.SRP000401.SRX099984","RNASeq_Study.SRP000401","elongating embryo Ce","623.117004"
"RNASeq.elegans.N2.WBls:0000015.Hermaphrodite.WBbt:0007833.SRP000401.SRX099988","RNASeq_Study.SRP000401","elongating embryo Ce","493.397003"
"RNASeq.elegans.N2.WBls:0000015.Hermaphrodite.WBbt:0007833.SRP000401.SRX099989","RNASeq_Study.SRP000401","elongating embryo Ce","493.869995"
"RNASeq.elegans.N2.WBls:0000015.Hermaphrodite.WBbt:0007833.SRP000401.SRX100002","RNASeq_Study.SRP000401","elongating embryo Ce","485.954987"
"RNASeq.elegans.N2.WBls:0000015.Hermaphrodite.WBbt:0007833.SRP000401.SRX100004","RNASeq_Study.SRP000401","elongating embryo Ce","433.450989"
"RNASeq.elegans.N2.WBls:0000015.Hermaphrodite.WBbt:0007833.SRP000401.SRX100005","RNASeq_Study.SRP000401","elongating embryo Ce","480.45401"
"RNASeq.elegans.N2.WBls:0000015.Hermaphrodite.WBbt:0007833.SRP000401.SRX1022576","RNASeq_Study.SRP000401","elongating embryo Ce","303.454987"
"RNASeq.elegans.N2.WBls:0000015.Hermaphrodite.WBbt:0007833.SRP000401.SRX1022578","RNASeq_Study.SRP000401","elongating embryo Ce","268.975006"
"RNASeq.elegans.N2.WBls:0000015.Hermaphrodite.WBbt:0007833.SRP000401.SRX1022579","RNASeq_Study.SRP000401","elongating embryo Ce","86.816902"
"RNASeq.elegans.N2.WBls:0000015.Hermaphrodite.WBbt:0007833.SRP000401.SRX1022582","RNASeq_Study.SRP000401","elongating embryo Ce","311.746002"
"RNASeq.elegans.N2.WBls:0000015.Hermaphrodite.WBbt:0007833.SRP000401.SRX1022583","RNASeq_Study.SRP000401","elongating embryo Ce","175.772995"
"RNASeq.elegans.N2.WBls:0000015.Hermaphrodite.WBbt:0007833.SRP000401.SRX1022586","RNASeq_Study.SRP000401","elongating embryo Ce","261.834015"
"RNASeq.elegans.N2.WBls:0000015.Hermaphrodite.WBbt:0007833.SRP000401.SRX1022587","RNASeq_Study.SRP000401","elongating embryo Ce","96.581398"
"RNASeq.elegans.N2.WBls:0000015.Hermaphrodite.WBbt:0007833.SRP000401.SRX1022588","RNASeq_Study.SRP000401","elongating embryo Ce","263.347992"
"RNASeq.elegans.N2.WBls:0000015.Hermaphrodite.WBbt:0007833.SRP000401.SRX1022589","RNASeq_Study.SRP000401","elongating embryo Ce","100.141998"
"RNASeq.elegans.N2.WBls:0000015.Hermaphrodite.WBbt:0007833.SRP000401.SRX1022593","RNASeq_Study.SRP000401","elongating embryo Ce","140.934006"
"RNASeq.elegans.N2.WBls:0000015.Hermaphrodite.WBbt:0007833.SRP000401.SRX1022653","RNASeq_Study.SRP000401","elongating embryo Ce","159.445007"
"RNASeq.elegans.N2.WBls:0000015.Hermaphrodite.WBbt:0007833.SRP000401.SRX1022654","RNASeq_Study.SRP000401","elongating embryo Ce","150.936005"
"RNASeq.elegans.N2.WBls:0000015.Hermaphrodite.WBbt:0007833.SRP000401.SRX103672","RNASeq_Study.SRP000401","elongating embryo Ce","552.429993"
"RNASeq.elegans.N2.WBls:0000015.Hermaphrodite.WBbt:0007833.SRP000401.SRX103673","RNASeq_Study.SRP000401","elongating embryo Ce","500.503998"
"RNASeq.elegans.N2.WBls:0000017.Hermaphrodite.WBbt:0003810.SRP029448.SRX343324","RNASeq_Study.SRP029448","comma embryo Ce","1334.319946"
"RNASeq.elegans.N2.WBls:0000017.Hermaphrodite.WBbt:0003810.SRP029448.SRX343325","RNASeq_Study.SRP029448","comma embryo Ce","1395.280029"
"RNASeq.elegans.N2.WBls:0000017.Hermaphrodite.WBbt:0004015.SRP029448.SRX343304","RNASeq_Study.SRP029448","comma embryo Ce","1217.77002"
"RNASeq.elegans.N2.WBls:0000017.Hermaphrodite.WBbt:0004015.SRP029448.SRX343305","RNASeq_Study.SRP029448","comma embryo Ce","1470.949951"
"RNASeq.elegans.N2.WBls:0000017.Hermaphrodite.WBbt:0004458.SRP029448.SRX343277","RNASeq_Study.SRP029448","comma embryo Ce","375.532013"
"RNASeq.elegans.N2.WBls:0000017.Hermaphrodite.WBbt:0004458.SRP029448.SRX343278","RNASeq_Study.SRP029448","comma embryo Ce","238.022995"
"RNASeq.elegans.N2.WBls:0000017.Hermaphrodite.WBbt:0004804.SRP029448.SRX343252","RNASeq_Study.SRP029448","comma embryo Ce","194.001007"
"RNASeq.elegans.N2.WBls:0000017.Hermaphrodite.WBbt:0004804.SRP029448.SRX343253","RNASeq_Study.SRP029448","comma embryo Ce","134.970001"
"RNASeq.elegans.N2.WBls:0000017.Hermaphrodite.WBbt:0004804.SRP029448.SRX343254","RNASeq_Study.SRP029448","comma embryo Ce","263.332001"
"RNASeq.elegans.N2.WBls:0000017.Hermaphrodite.WBbt:0008115.SRP029448.SRX343342","RNASeq_Study.SRP029448","comma embryo Ce","724.846008"
"RNASeq.elegans.N2.WBls:0000020.Hermaphrodite.WBbt:0007833.SRP000401.SRX099973","RNASeq_Study.SRP000401","3-fold embryo Ce","416.432007"
"RNASeq.elegans.N2.WBls:0000020.Hermaphrodite.WBbt:0007833.SRP000401.SRX099975","RNASeq_Study.SRP000401","3-fold embryo Ce","455.376007"
"RNASeq.elegans.N2.WBls:0000020.Hermaphrodite.WBbt:0007833.SRP000401.SRX099976","RNASeq_Study.SRP000401","3-fold embryo Ce","492.036987"
"RNASeq.elegans.N2.WBls:0000020.Hermaphrodite.WBbt:0007833.SRP000401.SRX099977","RNASeq_Study.SRP000401","3-fold embryo Ce","539.671997"
"RNASeq.elegans.N2.WBls:0000020.Hermaphrodite.WBbt:0007833.SRP000401.SRX099991","RNASeq_Study.SRP000401","3-fold embryo Ce","596.642029"
"RNASeq.elegans.N2.WBls:0000020.Hermaphrodite.WBbt:0007833.SRP000401.SRX099992","RNASeq_Study.SRP000401","3-fold embryo Ce","565.703979"
"RNASeq.elegans.N2.WBls:0000020.Hermaphrodite.WBbt:0007833.SRP000401.SRX1022592","RNASeq_Study.SRP000401","3-fold embryo Ce","248.755997"
"RNASeq.elegans.N2.WBls:0000020.Hermaphrodite.WBbt:0007833.SRP000401.SRX1022596","RNASeq_Study.SRP000401","3-fold embryo Ce","205.886993"
"RNASeq.elegans.N2.WBls:0000020.Hermaphrodite.WBbt:0007833.SRP000401.SRX1022597","RNASeq_Study.SRP000401","3-fold embryo Ce","240.389999"
"RNASeq.elegans.N2.WBls:0000020.Hermaphrodite.WBbt:0007833.SRP000401.SRX1022598","RNASeq_Study.SRP000401","3-fold embryo Ce","269.768005"
"RNASeq.elegans.N2.WBls:0000020.Hermaphrodite.WBbt:0007833.SRP000401.SRX1022609","RNASeq_Study.SRP000401","3-fold embryo Ce","93.523499"
"RNASeq.elegans.N2.WBls:0000020.Hermaphrodite.WBbt:0007833.SRP000401.SRX103670","RNASeq_Study.SRP000401","3-fold embryo Ce","514.35498"
"RNASeq.elegans.N2.WBls:0000020.Hermaphrodite.WBbt:0007833.SRP000401.SRX103671","RNASeq_Study.SRP000401","3-fold embryo Ce","478.591003"
"RNASeq.elegans.N2.WBls:0000021.Hermaphrodite.WBbt:0005451.SRP000401.SRX085286","RNASeq_Study.SRP000401","fully-elongated embryo Ce","363.255005"
"RNASeq.elegans.N2.WBls:0000021.Hermaphrodite.WBbt:0005451.SRP000401.SRX085287","RNASeq_Study.SRP000401","fully-elongated embryo Ce","167.660004"
"RNASeq.elegans.N2.WBls:0000021.Hermaphrodite.WBbt:0007833.SRP000401.SRX004865","RNASeq_Study.SRP000401","fully-elongated embryo Ce","559.007019"
"RNASeq.elegans.N2.WBls:0000021.Hermaphrodite.WBbt:0007833.SRP000401.SRX049270","RNASeq_Study.SRP000401","fully-elongated embryo Ce","256.360992"
"RNASeq.elegans.N2.WBls:0000021.Hermaphrodite.WBbt:0007833.SRP000401.SRX099978","RNASeq_Study.SRP000401","fully-elongated embryo Ce","368.556"
"RNASeq.elegans.N2.WBls:0000021.Hermaphrodite.WBbt:0007833.SRP000401.SRX099979","RNASeq_Study.SRP000401","fully-elongated embryo Ce","318.601013"
"RNASeq.elegans.N2.WBls:0000021.Hermaphrodite.WBbt:0007833.SRP000401.SRX099994","RNASeq_Study.SRP000401","fully-elongated embryo Ce","372.403015"
"RNASeq.elegans.N2.WBls:0000021.Hermaphrodite.WBbt:0007833.SRP000401.SRX100006","RNASeq_Study.SRP000401","fully-elongated embryo Ce","343.467987"
"RNASeq.elegans.N2.WBls:0000023.Hermaphrodite.WBbt:0007833.SRP015688.SRX185639","RNASeq_Study.SRP015688","larva Ce","1521.949951"
"RNASeq.elegans.N2.WBls:0000024.Hermaphrodite.WBbt:0003666.SRP000401.SRX139602","RNASeq_Study.SRP000401","L1 larva Ce","224.227005"
"RNASeq.elegans.N2.WBls:0000024.Hermaphrodite.WBbt:0003679.SRP000401.SRX145443","RNASeq_Study.SRP000401","L1 larva Ce","369.608002"
"RNASeq.elegans.N2.WBls:0000024.Hermaphrodite.WBbt:0003679.SRP000401.SRX145446","RNASeq_Study.SRP000401","L1 larva Ce","371.390991"
"RNASeq.elegans.N2.WBls:0000024.Hermaphrodite.WBbt:0007833.ERP003471.ERX278737","RNASeq_Study.ERP003471","L1 larva Ce","1016.51001"
"RNASeq.elegans.N2.WBls:0000024.Hermaphrodite.WBbt:0007833.SRP000253.SRX017684","RNASeq_Study.SRP000253","L1 larva Ce","78.753998"
"RNASeq.elegans.N2.WBls:0000024.Hermaphrodite.WBbt:0007833.SRP000401.SRX004867","RNASeq_Study.SRP000401","L1 larva Ce","508.533997"
"RNASeq.elegans.N2.WBls:0000024.Hermaphrodite.WBbt:0007833.SRP000401.SRX037288","RNASeq_Study.SRP000401","L1 larva Ce","1103.390015"
"RNASeq.elegans.N2.WBls:0000024.Hermaphrodite.WBbt:0007833.SRP000401.SRX139566","RNASeq_Study.SRP000401","L1 larva Ce","282.807007"
"RNASeq.elegans.N2.WBls:0000024.Hermaphrodite.WBbt:0007833.SRP000401.SRX139591","RNASeq_Study.SRP000401","L1 larva Ce","198.391998"
"RNASeq.elegans.N2.WBls:0000024.Hermaphrodite.WBbt:0007833.SRP000401.SRX145444","RNASeq_Study.SRP000401","L1 larva Ce","296.230988"
"RNASeq.elegans.N2.WBls:0000024.Hermaphrodite.WBbt:0007833.SRP000401.SRX145447","RNASeq_Study.SRP000401","L1 larva Ce","456.70401"
"RNASeq.elegans.N2.WBls:0000024.Hermaphrodite.WBbt:0007833.SRP003492.SRX026729","RNASeq_Study.SRP003492","L1 larva Ce","1027.790039"
"RNASeq.elegans.N2.WBls:0000024.Hermaphrodite.WBbt:0007833.SRP008969.SRX101381","RNASeq_Study.SRP008969","L1 larva Ce","636.013977"
"RNASeq.elegans.N2.WBls:0000024.Hermaphrodite.WBbt:0007833.SRP008969.SRX101383","RNASeq_Study.SRP008969","L1 larva Ce","455.644012"
"RNASeq.elegans.N2.WBls:0000024.Hermaphrodite.WBbt:0007833.SRP008969.SRX101385","RNASeq_Study.SRP008969","L1 larva Ce","438.078003"
"RNASeq.elegans.N2.WBls:0000024.Hermaphrodite.WBbt:0007833.SRP008969.SRX101386","RNASeq_Study.SRP008969","L1 larva Ce","724.646973"
"RNASeq.elegans.N2.WBls:0000024.Hermaphrodite.WBbt:0007833.SRP008969.SRX101390","RNASeq_Study.SRP008969","L1 larva Ce","788.916992"
"RNASeq.elegans.N2.WBls:0000024.Hermaphrodite.WBbt:0007833.SRP010374.SRX118117","RNASeq_Study.SRP010374","L1 larva Ce","670.432007"
"RNASeq.elegans.N2.WBls:0000024.Hermaphrodite.WBbt:0007833.SRP010374.SRX118118","RNASeq_Study.SRP010374","L1 larva Ce","341.855988"
"RNASeq.elegans.N2.WBls:0000024.Hermaphrodite.WBbt:0007833.SRP014427.SRX160147","RNASeq_Study.SRP014427","L1 larva Ce","267.778015"
"RNASeq.elegans.N2.WBls:0000024.Hermaphrodite.WBbt:0007833.SRP014427.SRX160148","RNASeq_Study.SRP014427","L1 larva Ce","254.942001"
"RNASeq.elegans.N2.WBls:0000024.Hermaphrodite.WBbt:0007833.SRP014427.SRX160157","RNASeq_Study.SRP014427","L1 larva Ce","599.271973"
"RNASeq.elegans.N2.WBls:0000024.Hermaphrodite.WBbt:0007833.SRP014427.SRX160292","RNASeq_Study.SRP014427","L1 larva Ce","122.834"
"RNASeq.elegans.N2.WBls:0000024.Hermaphrodite.WBbt:0007833.SRP014427.SRX160514","RNASeq_Study.SRP014427","L1 larva Ce","335.837006"
"RNASeq.elegans.N2.WBls:0000024.Hermaphrodite.WBbt:0007833.SRP014427.SRX160515","RNASeq_Study.SRP014427","L1 larva Ce","138.688995"
"RNASeq.elegans.N2.WBls:0000024.Hermaphrodite.WBbt:0007833.SRP014427.SRX160516","RNASeq_Study.SRP014427","L1 larva Ce","366.445007"
"RNASeq.elegans.N2.WBls:0000024.Hermaphrodite.WBbt:0007833.SRP014427.SRX160517","RNASeq_Study.SRP014427","L1 larva Ce","19.922001"
"RNASeq.elegans.N2.WBls:0000024.Hermaphrodite.WBbt:0007833.SRP026198.SRX311774","RNASeq_Study.SRP026198","L1 larva Ce","251.291"
"RNASeq.elegans.N2.WBls:0000024.Hermaphrodite.WBbt:0007833.SRP026198.SRX311775","RNASeq_Study.SRP026198","L1 larva Ce","249.007004"
"RNASeq.elegans.N2.WBls:0000024.Hermaphrodite.WBbt:0007833.SRP026198.SRX311776","RNASeq_Study.SRP026198","L1 larva Ce","205.406006"
"RNASeq.elegans.N2.WBls:0000024.Hermaphrodite.WBbt:0007833.SRP026198.SRX311777","RNASeq_Study.SRP026198","L1 larva Ce","267.778015"
"RNASeq.elegans.N2.WBls:0000024.Hermaphrodite.WBbt:0007833.SRP026198.SRX311778","RNASeq_Study.SRP026198","L1 larva Ce","254.942001"
"RNASeq.elegans.N2.WBls:0000024.Hermaphrodite.WBbt:0007833.SRP040623.SRX501864","RNASeq_Study.SRP040623","L1 larva Ce","1290.390015"
"RNASeq.elegans.N2.WBls:0000024.Hermaphrodite.WBbt:0007833.SRP058023.SRX1019176","RNASeq_Study.SRP058023","L1 larva Ce","280.11499"
"RNASeq.elegans.N2.WBls:0000024.Hermaphrodite.WBbt:0007833.SRP058023.SRX1019177","RNASeq_Study.SRP058023","L1 larva Ce","294.117004"
"RNASeq.elegans.N2.WBls:0000027.Hermaphrodite.WBbt:0005409.SRP000401.SRX139567","RNASeq_Study.SRP000401","L2 larva Ce","1926.969971"
"RNASeq.elegans.N2.WBls:0000027.Hermaphrodite.WBbt:0005409.SRP000401.SRX139592","RNASeq_Study.SRP000401","L2 larva Ce","707.502991"
"RNASeq.elegans.N2.WBls:0000027.Hermaphrodite.WBbt:0005409.SRP000401.SRX139603","RNASeq_Study.SRP000401","L2 larva Ce","1364.01001"
"RNASeq.elegans.N2.WBls:0000027.Hermaphrodite.WBbt:0007833.ERP003471.ERX278739","RNASeq_Study.ERP003471","L2 larva Ce","1010.909973"
"RNASeq.elegans.N2.WBls:0000027.Hermaphrodite.WBbt:0007833.SRP000401.SRX047653","RNASeq_Study.SRP000401","L2 larva Ce","1395.359985"
"RNASeq.elegans.N2.WBls:0000027.Hermaphrodite.WBbt:0007833.SRP000401.SRX145661","RNASeq_Study.SRP000401","L2 larva Ce","817.848022"
"RNASeq.elegans.N2.WBls:0000027.Hermaphrodite.WBbt:0007833.SRP000401.SRX151607","RNASeq_Study.SRP000401","L2 larva Ce","575.507019"
"RNASeq.elegans.N2.WBls:0000027.Hermaphrodite.WBbt:0007833.SRP000401.SRX190370","RNASeq_Study.SRP000401","L2 larva Ce","826.564026"
"RNASeq.elegans.N2.WBls:0000027.Hermaphrodite.WBbt:0007833.SRP003783.SRX028202","RNASeq_Study.SRP003783","L2 larva Ce","395.753998"
"RNASeq.elegans.N2.WBls:0000027.Hermaphrodite.WBbt:0007833.SRP010374.SRX118119","RNASeq_Study.SRP010374","L2 larva Ce","395.753998"
"RNASeq.elegans.N2.WBls:0000027.Hermaphrodite.WBbt:0007833.SRP010374.SRX118120","RNASeq_Study.SRP010374","L2 larva Ce","381.722992"
"RNASeq.elegans.N2.WBls:0000027.Hermaphrodite.WBbt:0007833.SRP014427.SRX160510","RNASeq_Study.SRP014427","L2 larva Ce","558.439026"
"RNASeq.elegans.N2.WBls:0000027.Hermaphrodite.WBbt:0007833.SRP014427.SRX160511","RNASeq_Study.SRP014427","L2 larva Ce","508.444"
"RNASeq.elegans.N2.WBls:0000027.Hermaphrodite.WBbt:0007833.SRP014427.SRX160512","RNASeq_Study.SRP014427","L2 larva Ce","133.987"
"RNASeq.elegans.N2.WBls:0000027.Hermaphrodite.WBbt:0007833.SRP014427.SRX160513","RNASeq_Study.SRP014427","L2 larva Ce","61.966999"
"RNASeq.elegans.N2.WBls:0000027.Hermaphrodite.WBbt:0007833.SRP040623.SRX501865","RNASeq_Study.SRP040623","L2 larva Ce","1253.430054"
"RNASeq.elegans.N2.WBls:0000032.Hermaphrodite.WBbt:0007833.SRP058023.SRX1019178","RNASeq_Study.SRP058023","dauer larva Ce","209.451996"
"RNASeq.elegans.N2.WBls:0000032.Hermaphrodite.WBbt:0007833.SRP058023.SRX1019179","RNASeq_Study.SRP058023","dauer larva Ce","386.718994"
"RNASeq.elegans.N2.WBls:0000035.Hermaphrodite.WBbt:0007833.ERP003471.ERX278740","RNASeq_Study.ERP003471","L3 larva Ce","994.794983"
"RNASeq.elegans.N2.WBls:0000035.Hermaphrodite.WBbt:0007833.SRP003492.SRX026728","RNASeq_Study.SRP003492","L3 larva Ce","1023.719971"
"RNASeq.elegans.N2.WBls:0000035.Hermaphrodite.WBbt:0007833.SRP003783.SRX028199","RNASeq_Study.SRP003783","L3 larva Ce","363.526001"
"RNASeq.elegans.N2.WBls:0000035.Hermaphrodite.WBbt:0007833.SRP005562.SRX040314","RNASeq_Study.SRP005562","L3 larva Ce","444.653992"
"RNASeq.elegans.N2.WBls:0000035.Hermaphrodite.WBbt:0007833.SRP005562.SRX040315","RNASeq_Study.SRP005562","L3 larva Ce","233.507996"
"RNASeq.elegans.N2.WBls:0000035.Hermaphrodite.WBbt:0007833.SRP005562.SRX040316","RNASeq_Study.SRP005562","L3 larva Ce","449.028015"
"RNASeq.elegans.N2.WBls:0000035.Hermaphrodite.WBbt:0007833.SRP005562.SRX040317","RNASeq_Study.SRP005562","L3 larva Ce","327.178009"
"RNASeq.elegans.N2.WBls:0000035.Hermaphrodite.WBbt:0007833.SRP010374.SRX118128","RNASeq_Study.SRP010374","L3 larva Ce","664.117981"
"RNASeq.elegans.N2.WBls:0000035.Hermaphrodite.WBbt:0007833.SRP010374.SRX118139","RNASeq_Study.SRP010374","L3 larva Ce","598.177979"
"RNASeq.elegans.N2.WBls:0000035.Hermaphrodite.WBbt:0007833.SRP010374.SRX118143","RNASeq_Study.SRP010374","L3 larva Ce","380.263"
"RNASeq.elegans.N2.WBls:0000035.Hermaphrodite.WBbt:0007833.SRP010374.SRX118144","RNASeq_Study.SRP010374","L3 larva Ce","470.617004"
"RNASeq.elegans.N2.WBls:0000035.Hermaphrodite.WBbt:0007833.SRP040623.SRX501866","RNASeq_Study.SRP040623","L3 larva Ce","1068.98999"
"RNASeq.elegans.N2.WBls:0000038.Hermaphrodite.WBbt:0003810.SRP035507.SRX437640","RNASeq_Study.SRP035507","L4 larva Ce","478.029999"
"RNASeq.elegans.N2.WBls:0000038.Hermaphrodite.WBbt:0007833.SRP000401.SRX008144","RNASeq_Study.SRP000401","L4 larva Ce","878.564026"
"RNASeq.elegans.N2.WBls:0000038.Hermaphrodite.WBbt:0007833.SRP000401.SRX049268","RNASeq_Study.SRP000401","L4 larva Ce","268.027008"
"RNASeq.elegans.N2.WBls:0000038.Hermaphrodite.WBbt:0007833.SRP000401.SRX049269","RNASeq_Study.SRP000401","L4 larva Ce","215.481003"
"RNASeq.elegans.N2.WBls:0000038.Hermaphrodite.WBbt:0007833.SRP000401.SRX100631","RNASeq_Study.SRP000401","L4 larva Ce","908.237"
"RNASeq.elegans.N2.WBls:0000038.Hermaphrodite.WBbt:0007833.SRP000401.SRX100633","RNASeq_Study.SRP000401","L4 larva Ce","932.711975"
"RNASeq.elegans.N2.WBls:0000038.Hermaphrodite.WBbt:0007833.SRP003783.SRX028200","RNASeq_Study.SRP003783","L4 larva Ce","569.070984"
"RNASeq.elegans.N2.WBls:0000038.Hermaphrodite.WBbt:0007833.SRP005562.SRX040318","RNASeq_Study.SRP005562","L4 larva Ce","381.226013"
"RNASeq.elegans.N2.WBls:0000038.Hermaphrodite.WBbt:0007833.SRP005562.SRX040319","RNASeq_Study.SRP005562","L4 larva Ce","533.450012"
"RNASeq.elegans.N2.WBls:0000038.Hermaphrodite.WBbt:0007833.SRP005562.SRX040320","RNASeq_Study.SRP005562","L4 larva Ce","338.334991"
"RNASeq.elegans.N2.WBls:0000038.Hermaphrodite.WBbt:0007833.SRP005562.SRX040321","RNASeq_Study.SRP005562","L4 larva Ce","418.252014"
"RNASeq.elegans.N2.WBls:0000038.Hermaphrodite.WBbt:0007833.SRP010374.SRX118126","RNASeq_Study.SRP010374","L4 larva Ce","650.268005"
"RNASeq.elegans.N2.WBls:0000038.Hermaphrodite.WBbt:0007833.SRP010374.SRX118127","RNASeq_Study.SRP010374","L4 larva Ce","506.825989"
"RNASeq.elegans.N2.WBls:0000038.Hermaphrodite.WBbt:0007833.SRP010374.SRX118140","RNASeq_Study.SRP010374","L4 larva Ce","541.062012"
"RNASeq.elegans.N2.WBls:0000038.Hermaphrodite.WBbt:0007833.SRP014427.SRX160293","RNASeq_Study.SRP014427","L4 larva Ce","178.848999"
"RNASeq.elegans.N2.WBls:0000038.Hermaphrodite.WBbt:0007833.SRP014427.SRX160518","RNASeq_Study.SRP014427","L4 larva Ce","20.3561"
"RNASeq.elegans.N2.WBls:0000038.Hermaphrodite.WBbt:0007833.SRP018033.SRX218380","RNASeq_Study.SRP018033","L4 larva Ce","1047.900024"
"RNASeq.elegans.N2.WBls:0000038.Hermaphrodite.WBbt:0007833.SRP018033.SRX218382","RNASeq_Study.SRP018033","L4 larva Ce","964.682007"
"RNASeq.elegans.N2.WBls:0000038.Hermaphrodite.WBbt:0007833.SRP018033.SRX218383","RNASeq_Study.SRP018033","L4 larva Ce","854.539001"
"RNASeq.elegans.N2.WBls:0000038.Hermaphrodite.WBbt:0007833.SRP035479.SRX435689","RNASeq_Study.SRP035479","L4 larva Ce","815.504028"
"RNASeq.elegans.N2.WBls:0000038.Hermaphrodite.WBbt:0007833.SRP035479.SRX435696","RNASeq_Study.SRP035479","L4 larva Ce","878.041992"
"RNASeq.elegans.N2.WBls:0000038.Hermaphrodite.WBbt:0007833.SRP035479.SRX435698","RNASeq_Study.SRP035479","L4 larva Ce","977.445007"
"RNASeq.elegans.N2.WBls:0000038.Hermaphrodite.WBbt:0007833.SRP035479.SRX435699","RNASeq_Study.SRP035479","L4 larva Ce","886.307007"
"RNASeq.elegans.N2.WBls:0000038.Hermaphrodite.WBbt:0007833.SRP040623.SRX501867","RNASeq_Study.SRP040623","L4 larva Ce","1214.869995"
"RNASeq.elegans.N2.WBls:0000038.Hermaphrodite.WBbt:0007833.SRP047464.SRX709649","RNASeq_Study.SRP047464","L4 larva Ce","490.390991"
"RNASeq.elegans.N2.WBls:0000038.Hermaphrodite.WBbt:0007833.SRP047464.SRX709650","RNASeq_Study.SRP047464","L4 larva Ce","0"
"RNASeq.elegans.N2.WBls:0000038.Hermaphrodite.WBbt:0007833.SRP047464.SRX709651","RNASeq_Study.SRP047464","L4 larva Ce","413.723999"
"RNASeq.elegans.N2.WBls:0000038.Male.WBbt:0007833.SRP000401.SRX047469","RNASeq_Study.SRP000401","L4 larva Ce","900.013"
"RNASeq.elegans.N2.WBls:0000038.Male.WBbt:0007833.SRP000401.SRX049745","RNASeq_Study.SRP000401","L4 larva Ce","248.548996"
"RNASeq.elegans.N2.WBls:0000038.Male.WBbt:0007833.SRP000401.SRX050630","RNASeq_Study.SRP000401","L4 larva Ce","267.276001"
"RNASeq.elegans.N2.WBls:0000038.Male.WBbt:0007833.SRP003783.SRX028196","RNASeq_Study.SRP003783","L4 larva Ce","319.877991"
"RNASeq.elegans.N2.WBls:0000041.Hermaphrodite.WBbt:0005175.SRP000401.SRX151618","RNASeq_Study.SRP000401","adult Ce","750.184998"
"RNASeq.elegans.N2.WBls:0000041.Hermaphrodite.WBbt:0005175.SRP000401.SRX190367","RNASeq_Study.SRP000401","adult Ce","770.466003"
"RNASeq.elegans.N2.WBls:0000041.Hermaphrodite.WBbt:0007833.SRP000401.SRX035162","RNASeq_Study.SRP000401","adult Ce","2215.719971"
"RNASeq.elegans.N2.WBls:0000041.Hermaphrodite.WBbt:0007833.SRP000401.SRX036882","RNASeq_Study.SRP000401","adult Ce","1251.130005"
"RNASeq.elegans.N2.WBls:0000041.Hermaphrodite.WBbt:0007833.SRP000401.SRX036970","RNASeq_Study.SRP000401","adult Ce","1864.319946"
"RNASeq.elegans.N2.WBls:0000041.Hermaphrodite.WBbt:0007833.SRP005562.SRX040322","RNASeq_Study.SRP005562","adult Ce","729.22998"
"RNASeq.elegans.N2.WBls:0000041.Hermaphrodite.WBbt:0007833.SRP005562.SRX040323","RNASeq_Study.SRP005562","adult Ce","768.702026"
"RNASeq.elegans.N2.WBls:0000041.Hermaphrodite.WBbt:0007833.SRP005562.SRX040324","RNASeq_Study.SRP005562","adult Ce","579.901978"
"RNASeq.elegans.N2.WBls:0000041.Hermaphrodite.WBbt:0007833.SRP005562.SRX040325","RNASeq_Study.SRP005562","adult Ce","520.046021"
"RNASeq.elegans.N2.WBls:0000041.Hermaphrodite.WBbt:0007833.SRP005562.SRX040326","RNASeq_Study.SRP005562","adult Ce","1092.209961"
"RNASeq.elegans.N2.WBls:0000041.Hermaphrodite.WBbt:0007833.SRP005562.SRX040327","RNASeq_Study.SRP005562","adult Ce","823.570007"
"RNASeq.elegans.N2.WBls:0000041.Hermaphrodite.WBbt:0007833.SRP005562.SRX040328","RNASeq_Study.SRP005562","adult Ce","521.778992"
"RNASeq.elegans.N2.WBls:0000041.Hermaphrodite.WBbt:0007833.SRP005562.SRX040329","RNASeq_Study.SRP005562","adult Ce","566.781006"
"RNASeq.elegans.N2.WBls:0000041.Hermaphrodite.WBbt:0007833.SRP016006.SRX191948","RNASeq_Study.SRP016006","adult Ce","1213.160034"
"RNASeq.elegans.N2.WBls:0000041.Hermaphrodite.WBbt:0007833.SRP041708.SRX533807","RNASeq_Study.SRP041708","adult Ce","3679.649902"
"RNASeq.elegans.N2.WBls:0000041.Hermaphrodite.WBbt:0007833.SRP041708.SRX533808","RNASeq_Study.SRP041708","adult Ce","3665.929932"
"RNASeq.elegans.N2.WBls:0000041.Hermaphrodite.WBbt:0007833.SRP041708.SRX533809","RNASeq_Study.SRP041708","adult Ce","3829.169922"
"RNASeq.elegans.N2.WBls:0000041.Hermaphrodite.WBbt:0007833.SRP058023.SRX1019180","RNASeq_Study.SRP058023","adult Ce","922.900024"
"RNASeq.elegans.N2.WBls:0000041.Hermaphrodite.WBbt:0007833.SRP058023.SRX1019181","RNASeq_Study.SRP058023","adult Ce","602.067017"
"RNASeq.elegans.N2.WBls:0000041.Male.WBbt:0005784.SRP028611.SRX333008","RNASeq_Study.SRP028611","adult Ce","169.710007"
"RNASeq.elegans.N2.WBls:0000041.Male.WBbt:0005784.SRP028611.SRX333009","RNASeq_Study.SRP028611","adult Ce","180.514008"
"RNASeq.elegans.N2.WBls:0000041.Male.WBbt:0006798.SRP041708.SRX533810","RNASeq_Study.SRP041708","adult Ce","836.760986"
"RNASeq.elegans.N2.WBls:0000041.Male.WBbt:0007833.SRP016006.SRX191951","RNASeq_Study.SRP016006","adult Ce","623.062012"
"RNASeq.elegans.N2.WBls:0000041.Male.WBbt:0007833.SRP016006.SRX191952","RNASeq_Study.SRP016006","adult Ce","624.528992"
"RNASeq.elegans.N2.WBls:0000063.Hermaphrodite.WBbt:0007833.SRP000401.SRX014006","RNASeq_Study.SRP000401","newly molted young adult hermaphrodite Ce","1747.23999"
"RNASeq.elegans.N2.WBls:0000063.Hermaphrodite.WBbt:0007833.SRP000401.SRX014007","RNASeq_Study.SRP000401","newly molted young adult hermaphrodite Ce","2250.129883"
"RNASeq.elegans.N2.WBls:0000063.Hermaphrodite.WBbt:0007833.SRP000401.SRX014008","RNASeq_Study.SRP000401","newly molted young adult hermaphrodite Ce","901.812012"
"RNASeq.elegans.N2.WBls:0000063.Hermaphrodite.WBbt:0007833.SRP000401.SRX014009","RNASeq_Study.SRP000401","newly molted young adult hermaphrodite Ce","905.22998"
"RNASeq.elegans.N2.WBls:0000063.Hermaphrodite.WBbt:0007833.SRP000401.SRX103986","RNASeq_Study.SRP000401","newly molted young adult hermaphrodite Ce","548.171997"
"RNASeq.elegans.N2.WBls:0000063.Hermaphrodite.WBbt:0007833.SRP000401.SRX103987","RNASeq_Study.SRP000401","newly molted young adult hermaphrodite Ce","543.393005"
"RNASeq.elegans.N2.WBls:0000063.Hermaphrodite.WBbt:0007833.SRP000401.SRX103988","RNASeq_Study.SRP000401","newly molted young adult hermaphrodite Ce","563.22699"
"RNASeq.elegans.N2.WBls:0000063.Hermaphrodite.WBbt:0007833.SRP000401.SRX103989","RNASeq_Study.SRP000401","newly molted young adult hermaphrodite Ce","609.435974"
"RNASeq.elegans.N2.WBls:0000063.Hermaphrodite.WBbt:0007833.SRP000401.SRX103990","RNASeq_Study.SRP000401","newly molted young adult hermaphrodite Ce","356.528992"
"RNASeq.elegans.N2.WBls:0000063.Hermaphrodite.WBbt:0007833.SRP000401.SRX103991","RNASeq_Study.SRP000401","newly molted young adult hermaphrodite Ce","161.352005"
"RNASeq.elegans.N2.WBls:0000063.Hermaphrodite.WBbt:0007833.SRP003783.SRX028193","RNASeq_Study.SRP003783","newly molted young adult hermaphrodite Ce","1740.469971"
"RNASeq.elegans.N2.WBls:0000063.Hermaphrodite.WBbt:0007833.SRP015918.SRX189885","RNASeq_Study.SRP015918","newly molted young adult hermaphrodite Ce","1067.449951"
"RNASeq.elegans.N2.WBls:0000063.Hermaphrodite.WBbt:0007833.SRP034522.SRX392703","RNASeq_Study.SRP034522","newly molted young adult hermaphrodite Ce","1306.319946"
"RNASeq.elegans.N2.WBls:0000063.Hermaphrodite.WBbt:0007833.SRP035359.SRX426003","RNASeq_Study.SRP035359","newly molted young adult hermaphrodite Ce","1124.449951"
"RNASeq.elegans.N2.WBls:0000063.Hermaphrodite.WBbt:0007833.SRP035359.SRX426004","RNASeq_Study.SRP035359","newly molted young adult hermaphrodite Ce","1038.030029"
"RNASeq.elegans.N2.WBls:0000063.Hermaphrodite.WBbt:0007833.SRP035359.SRX426005","RNASeq_Study.SRP035359","newly molted young adult hermaphrodite Ce","1146.969971"
"RNASeq.elegans.N2.WBls:0000063.Hermaphrodite.WBbt:0007833.SRP035359.SRX426006","RNASeq_Study.SRP035359","newly molted young adult hermaphrodite Ce","1017.450012"
"RNASeq.elegans.N2.WBls:0000063.Hermaphrodite.WBbt:0007833.SRP035359.SRX426007","RNASeq_Study.SRP035359","newly molted young adult hermaphrodite Ce","1170.109985"
"RNASeq.elegans.N2.WBls:0000063.Hermaphrodite.WBbt:0007833.SRP035359.SRX426008","RNASeq_Study.SRP035359","newly molted young adult hermaphrodite Ce","1151"
"RNASeq.elegans.N2.WBls:0000063.Hermaphrodite.WBbt:0007833.SRP035359.SRX426009","RNASeq_Study.SRP035359","newly molted young adult hermaphrodite Ce","1200.5"
"RNASeq.elegans.N2.WBls:0000063.Hermaphrodite.WBbt:0007833.SRP035359.SRX426010","RNASeq_Study.SRP035359","newly molted young adult hermaphrodite Ce","1115.300049"
"RNASeq.elegans.N2.WBls:0000063.Hermaphrodite.WBbt:0007833.SRP035359.SRX426011","RNASeq_Study.SRP035359","newly molted young adult hermaphrodite Ce","1183.099976"
"RNASeq.elegans.N2.WBls:0000063.Hermaphrodite.WBbt:0007833.SRP035359.SRX426012","RNASeq_Study.SRP035359","newly molted young adult hermaphrodite Ce","1030.780029"
"RNASeq.elegans.N2.WBls:0000063.Hermaphrodite.WBbt:0007833.SRP035359.SRX426013","RNASeq_Study.SRP035359","newly molted young adult hermaphrodite Ce","1036.569946"
"RNASeq.elegans.N2.WBls:0000063.Hermaphrodite.WBbt:0007833.SRP035359.SRX426014","RNASeq_Study.SRP035359","newly molted young adult hermaphrodite Ce","1108.22998"
"RNASeq.elegans.N2.WBls:0000063.Hermaphrodite.WBbt:0007833.SRP035359.SRX426015","RNASeq_Study.SRP035359","newly molted young adult hermaphrodite Ce","1150.359985"
"RNASeq.elegans.N2.WBls:0000063.Hermaphrodite.WBbt:0007833.SRP035359.SRX426016","RNASeq_Study.SRP035359","newly molted young adult hermaphrodite Ce","962.679016"
"RNASeq.elegans.N2.WBls:0000063.Hermaphrodite.WBbt:0007833.SRP035359.SRX426017","RNASeq_Study.SRP035359","newly molted young adult hermaphrodite Ce","990.309021"
"RNASeq.elegans.N2.WBls:0000063.Hermaphrodite.WBbt:0007833.SRP035359.SRX426018","RNASeq_Study.SRP035359","newly molted young adult hermaphrodite Ce","1034.900024"
"RNASeq.elegans.N2.WBls:0000063.Hermaphrodite.WBbt:0007833.SRP035359.SRX426019","RNASeq_Study.SRP035359","newly molted young adult hermaphrodite Ce","1036.569946"
"RNASeq.elegans.N2.WBls:0000063.Hermaphrodite.WBbt:0007833.SRP035359.SRX426020","RNASeq_Study.SRP035359","newly molted young adult hermaphrodite Ce","795.189026"
"RNASeq.elegans.N2.WBls:0000063.Hermaphrodite.WBbt:0007833.SRP035359.SRX426021","RNASeq_Study.SRP035359","newly molted young adult hermaphrodite Ce","767.090027"
"RNASeq.elegans.N2.WBls:0000063.Hermaphrodite.WBbt:0007833.SRP035359.SRX426022","RNASeq_Study.SRP035359","newly molted young adult hermaphrodite Ce","805.973999"
"RNASeq.elegans.N2.WBls:0000063.Hermaphrodite.WBbt:0007833.SRP035359.SRX426024","RNASeq_Study.SRP035359","newly molted young adult hermaphrodite Ce","785.213013"
"RNASeq.elegans.N2.WBls:0000063.Hermaphrodite.WBbt:0007833.SRP035359.SRX426027","RNASeq_Study.SRP035359","newly molted young adult hermaphrodite Ce","748.190979"
"RNASeq.elegans.N2.WBls:0000063.Hermaphrodite.WBbt:0007833.SRP035359.SRX426030","RNASeq_Study.SRP035359","newly molted young adult hermaphrodite Ce","625.713989"
"RNASeq.elegans.N2.WBls:0000063.Hermaphrodite.WBbt:0007833.SRP035359.SRX426031","RNASeq_Study.SRP035359","newly molted young adult hermaphrodite Ce","612.138"
"RNASeq.elegans.N2.WBls:0000063.Hermaphrodite.WBbt:0007833.SRP035359.SRX426032","RNASeq_Study.SRP035359","newly molted young adult hermaphrodite Ce","566.646973"
"RNASeq.elegans.N2.WBls:0000063.Hermaphrodite.WBbt:0007833.SRP035359.SRX426033","RNASeq_Study.SRP035359","newly molted young adult hermaphrodite Ce","645.26001"
"RNASeq.elegans.N2.WBls:0000063.Hermaphrodite.WBbt:0007833.SRP035359.SRX426034","RNASeq_Study.SRP035359","newly molted young adult hermaphrodite Ce","714.385986"
"RNASeq.elegans.N2.WBls:0000063.Hermaphrodite.WBbt:0007833.SRP035359.SRX426035","RNASeq_Study.SRP035359","newly molted young adult hermaphrodite Ce","792.804993"
"RNASeq.elegans.N2.WBls:0000063.Hermaphrodite.WBbt:0007833.SRP035359.SRX426037","RNASeq_Study.SRP035359","newly molted young adult hermaphrodite Ce","719.864014"
"RNASeq.elegans.N2.WBls:0000063.Hermaphrodite.WBbt:0007833.SRP035359.SRX426039","RNASeq_Study.SRP035359","newly molted young adult hermaphrodite Ce","857.03302"
"RNASeq.elegans.N2.WBls:0000063.Hermaphrodite.WBbt:0007833.SRP035359.SRX426041","RNASeq_Study.SRP035359","newly molted young adult hermaphrodite Ce","1016.539978"
"RNASeq.elegans.N2.WBls:0000063.Hermaphrodite.WBbt:0007833.SRP035359.SRX426042","RNASeq_Study.SRP035359","newly molted young adult hermaphrodite Ce","590.250977"
"RNASeq.elegans.N2.WBls:0000063.Hermaphrodite.WBbt:0007833.SRP035359.SRX426043","RNASeq_Study.SRP035359","newly molted young adult hermaphrodite Ce","618.007019"
"RNASeq.elegans.N2.WBls:0000063.Hermaphrodite.WBbt:0007833.SRP035359.SRX426044","RNASeq_Study.SRP035359","newly molted young adult hermaphrodite Ce","598.346985"
"RNASeq.elegans.N2.WBls:0000063.Hermaphrodite.WBbt:0007833.SRP035359.SRX426045","RNASeq_Study.SRP035359","newly molted young adult hermaphrodite Ce","587.635986"
"RNASeq.elegans.N2.WBls:0000063.Hermaphrodite.WBbt:0007833.SRP035359.SRX426046","RNASeq_Study.SRP035359","newly molted young adult hermaphrodite Ce","621.218994"
"RNASeq.elegans.N2.WBls:0000063.Hermaphrodite.WBbt:0007833.SRP035359.SRX426047","RNASeq_Study.SRP035359","newly molted young adult hermaphrodite Ce","716.262024"
"RNASeq.elegans.N2.WBls:0000063.Hermaphrodite.WBbt:0007833.SRP035359.SRX426048","RNASeq_Study.SRP035359","newly molted young adult hermaphrodite Ce","588.960999"
"RNASeq.elegans.N2.WBls:0000063.Hermaphrodite.WBbt:0007833.SRP035359.SRX426049","RNASeq_Study.SRP035359","newly molted young adult hermaphrodite Ce","589.809998"
"RNASeq.elegans.N2.WBls:0000063.Hermaphrodite.WBbt:0007833.SRP035359.SRX426050","RNASeq_Study.SRP035359","newly molted young adult hermaphrodite Ce","554.161987"
"RNASeq.elegans.N2.WBls:0000063.Hermaphrodite.WBbt:0007833.SRP035359.SRX426051","RNASeq_Study.SRP035359","newly molted young adult hermaphrodite Ce","639.664978"
"RNASeq.elegans.N2.WBls:0000063.Hermaphrodite.WBbt:0007833.SRP035359.SRX426052","RNASeq_Study.SRP035359","newly molted young adult hermaphrodite Ce","742.27301"
"RNASeq.elegans.N2.WBls:0000063.Hermaphrodite.WBbt:0007833.SRP035359.SRX426053","RNASeq_Study.SRP035359","newly molted young adult hermaphrodite Ce","615.607971"
"RNASeq.elegans.N2.WBls:0000063.Hermaphrodite.WBbt:0007833.SRP040269.SRX494554","RNASeq_Study.SRP040269","newly molted young adult hermaphrodite Ce","958.138"
"RNASeq.elegans.N2.WBls:0000064.Hermaphrodite.WBbt:0007833.SRP017908.SRX216722","RNASeq_Study.SRP017908","1-day post-L4 adult hermaphrodite Ce","1204.98999"
"RNASeq.elegans.N2.WBls:0000064.Hermaphrodite.WBbt:0007833.SRP017908.SRX216723","RNASeq_Study.SRP017908","1-day post-L4 adult hermaphrodite Ce","1280.400024"
"RNASeq.elegans.N2.WBls:0000064.Hermaphrodite.WBbt:0007833.SRP017908.SRX216725","RNASeq_Study.SRP017908","1-day post-L4 adult hermaphrodite Ce","1329.790039"
"RNASeq.elegans.N2.WBls:0000064.Hermaphrodite.WBbt:0007833.SRP017908.SRX216726","RNASeq_Study.SRP017908","1-day post-L4 adult hermaphrodite Ce","1145.430054"
"RNASeq.elegans.N2.WBls:0000064.Hermaphrodite.WBbt:0007833.SRP017908.SRX216727","RNASeq_Study.SRP017908","1-day post-L4 adult hermaphrodite Ce","1109.01001"
"RNASeq.elegans.N2.WBls:0000064.Hermaphrodite.WBbt:0007833.SRP017908.SRX218190","RNASeq_Study.SRP017908","1-day post-L4 adult hermaphrodite Ce","1417.119995"
"RNASeq.elegans.N2.WBls:0000064.Hermaphrodite.WBbt:0007833.SRP021083.SRX265355","RNASeq_Study.SRP021083","1-day post-L4 adult hermaphrodite Ce","1411.150024"
"RNASeq.elegans.N2.WBls:0000064.Hermaphrodite.WBbt:0007833.SRP021083.SRX265357","RNASeq_Study.SRP021083","1-day post-L4 adult hermaphrodite Ce","1132.910034"
"RNASeq.elegans.N2.WBls:0000064.Hermaphrodite.WBbt:0007833.SRP021083.SRX265358","RNASeq_Study.SRP021083","1-day post-L4 adult hermaphrodite Ce","1299.359985"
"RNASeq.elegans.N2.WBls:0000064.Hermaphrodite.WBbt:0007833.SRP021083.SRX265359","RNASeq_Study.SRP021083","1-day post-L4 adult hermaphrodite Ce","1165.680054"
"RNASeq.elegans.N2.WBls:0000065.Hermaphrodite.WBbt:0007833.SRP021462.SRX270953","RNASeq_Study.SRP021462","2-days post-L4 adult hermaphrodite Ce","1145.869995"
"RNASeq.elegans.N2.WBls:0000065.Hermaphrodite.WBbt:0007833.SRP021462.SRX270954","RNASeq_Study.SRP021462","2-days post-L4 adult hermaphrodite Ce","1238.859985"
"RNASeq.elegans.N2.WBls:0000068.Hermaphrodite.WBbt:0007833.SRP021083.SRX265360","RNASeq_Study.SRP021083","5-days post-L4 adult hermaphrodite Ce","1772.880005"
"RNASeq.elegans.N2.WBls:0000068.Hermaphrodite.WBbt:0007833.SRP021083.SRX265361","RNASeq_Study.SRP021083","5-days post-L4 adult hermaphrodite Ce","1738.390015"
"RNASeq.elegans.N2.WBls:0000068.Hermaphrodite.WBbt:0007833.SRP021083.SRX265363","RNASeq_Study.SRP021083","5-days post-L4 adult hermaphrodite Ce","1680.170044"
"RNASeq.elegans.N2.WBls:0000068.Hermaphrodite.WBbt:0007833.SRP021083.SRX265364","RNASeq_Study.SRP021083","5-days post-L4 adult hermaphrodite Ce","1217.170044"
"RNASeq.elegans.N2.WBls:0000131.Hermaphrodite.WBbt:0004015.SRP029448.SRX343220","RNASeq_Study.SRP029448","20 min post first-cleavage Ce","2163.110107"
"RNASeq.elegans.N2.WBls:0000131.Hermaphrodite.WBbt:0004015.SRP029448.SRX343227","RNASeq_Study.SRP029448","20 min post first-cleavage Ce","2882.689941"
"RNASeq.elegans.N2.WBls:0000131.Hermaphrodite.WBbt:0004015.SRP029448.SRX343228","RNASeq_Study.SRP029448","20 min post first-cleavage Ce","3206.73999"
"RNASeq.elegans.N2.WBls:0000131.Hermaphrodite.WBbt:0004015.SRP029448.SRX343229","RNASeq_Study.SRP029448","20 min post first-cleavage Ce","3090.590088"
"RNASeq.elegans.N2.WBls:0000131.Hermaphrodite.WBbt:0006771.SRP029448.SRX343225","RNASeq_Study.SRP029448","20 min post first-cleavage Ce","2773.159912"
"RNASeq.elegans.N2.WBls:0000131.Hermaphrodite.WBbt:0006771.SRP029448.SRX343226","RNASeq_Study.SRP029448","20 min post first-cleavage Ce","3101.530029"
"RNASeq.elegans.N2.WBls:0000131.Hermaphrodite.WBbt:0006876.SRP029448.SRX343221","RNASeq_Study.SRP029448","20 min post first-cleavage Ce","2638.379883"
"RNASeq.elegans.N2.WBls:0000131.Hermaphrodite.WBbt:0006876.SRP029448.SRX343222","RNASeq_Study.SRP029448","20 min post first-cleavage Ce","2174.25"
"RNASeq.elegans.N2.WBls:0000131.Hermaphrodite.WBbt:0006876.SRP029448.SRX343223","RNASeq_Study.SRP029448","20 min post first-cleavage Ce","2710.22998"
"RNASeq.elegans.N2.WBls:0000141.Hermaphrodite.WBbt:0007833.SRP029448.SRX343161","RNASeq_Study.SRP029448","30 min post first-cleavage Ce","2395.040039"
"RNASeq.elegans.N2.WBls:0000151.Hermaphrodite.WBbt:0003810.SRP029448.SRX343308","RNASeq_Study.SRP029448","40 min post first-cleavage Ce","3596.51001"
"RNASeq.elegans.N2.WBls:0000151.Hermaphrodite.WBbt:0004015.SRP029448.SRX343280","RNASeq_Study.SRP029448","40 min post first-cleavage Ce","3180.889893"
"RNASeq.elegans.N2.WBls:0000151.Hermaphrodite.WBbt:0004015.SRP029448.SRX343281","RNASeq_Study.SRP029448","40 min post first-cleavage Ce","3238.429932"
"RNASeq.elegans.N2.WBls:0000151.Hermaphrodite.WBbt:0004015.SRP029448.SRX343282","RNASeq_Study.SRP029448","40 min post first-cleavage Ce","3606.780029"
"RNASeq.elegans.N2.WBls:0000151.Hermaphrodite.WBbt:0004458.SRP029448.SRX343255","RNASeq_Study.SRP029448","40 min post first-cleavage Ce","2186.52002"
"RNASeq.elegans.N2.WBls:0000151.Hermaphrodite.WBbt:0004458.SRP029448.SRX343256","RNASeq_Study.SRP029448","40 min post first-cleavage Ce","1836.439941"
"RNASeq.elegans.N2.WBls:0000151.Hermaphrodite.WBbt:0004458.SRP029448.SRX343257","RNASeq_Study.SRP029448","40 min post first-cleavage Ce","1930.719971"
"RNASeq.elegans.N2.WBls:0000151.Hermaphrodite.WBbt:0004804.SRP029448.SRX343230","RNASeq_Study.SRP029448","40 min post first-cleavage Ce","2538"
"RNASeq.elegans.N2.WBls:0000151.Hermaphrodite.WBbt:0004804.SRP029448.SRX343231","RNASeq_Study.SRP029448","40 min post first-cleavage Ce","2064.580078"
"RNASeq.elegans.N2.WBls:0000151.Hermaphrodite.WBbt:0004804.SRP029448.SRX343232","RNASeq_Study.SRP029448","40 min post first-cleavage Ce","1993.869995"
"RNASeq.elegans.N2.WBls:0000151.Hermaphrodite.WBbt:0007833.SRP029448.SRX343162","RNASeq_Study.SRP029448","40 min post first-cleavage Ce","2380.290039"
"RNASeq.elegans.N2.WBls:0000151.Hermaphrodite.WBbt:0008115.SRP029448.SRX343326","RNASeq_Study.SRP029448","40 min post first-cleavage Ce","2034.640015"
"RNASeq.elegans.N2.WBls:0000151.Hermaphrodite.WBbt:0008115.SRP029448.SRX343327","RNASeq_Study.SRP029448","40 min post first-cleavage Ce","3160.530029"
"RNASeq.elegans.N2.WBls:0000151.Hermaphrodite.WBbt:0008115.SRP029448.SRX343328","RNASeq_Study.SRP029448","40 min post first-cleavage Ce","3053.350098"
"RNASeq.elegans.N2.WBls:0000171.Hermaphrodite.WBbt:0003810.SRP029448.SRX343309","RNASeq_Study.SRP029448","60 min post first-cleavage Ce","1972.819946"
"RNASeq.elegans.N2.WBls:0000171.Hermaphrodite.WBbt:0003810.SRP029448.SRX343310","RNASeq_Study.SRP029448","60 min post first-cleavage Ce","2757.219971"
"RNASeq.elegans.N2.WBls:0000171.Hermaphrodite.WBbt:0003810.SRP029448.SRX343311","RNASeq_Study.SRP029448","60 min post first-cleavage Ce","3343.77002"
"RNASeq.elegans.N2.WBls:0000171.Hermaphrodite.WBbt:0004015.SRP029448.SRX343283","RNASeq_Study.SRP029448","60 min post first-cleavage Ce","2658.149902"
"RNASeq.elegans.N2.WBls:0000171.Hermaphrodite.WBbt:0004015.SRP029448.SRX343284","RNASeq_Study.SRP029448","60 min post first-cleavage Ce","1709.160034"
"RNASeq.elegans.N2.WBls:0000171.Hermaphrodite.WBbt:0004015.SRP029448.SRX343285","RNASeq_Study.SRP029448","60 min post first-cleavage Ce","3520.209961"
"RNASeq.elegans.N2.WBls:0000171.Hermaphrodite.WBbt:0004458.SRP029448.SRX343258","RNASeq_Study.SRP029448","60 min post first-cleavage Ce","3709.879883"
"RNASeq.elegans.N2.WBls:0000171.Hermaphrodite.WBbt:0004458.SRP029448.SRX343259","RNASeq_Study.SRP029448","60 min post first-cleavage Ce","2691.370117"
"RNASeq.elegans.N2.WBls:0000171.Hermaphrodite.WBbt:0004458.SRP029448.SRX343260","RNASeq_Study.SRP029448","60 min post first-cleavage Ce","3466.669922"
"RNASeq.elegans.N2.WBls:0000171.Hermaphrodite.WBbt:0004804.SRP029448.SRX343233","RNASeq_Study.SRP029448","60 min post first-cleavage Ce","4218.140137"
"RNASeq.elegans.N2.WBls:0000171.Hermaphrodite.WBbt:0004804.SRP029448.SRX343234","RNASeq_Study.SRP029448","60 min post first-cleavage Ce","2729.199951"
"RNASeq.elegans.N2.WBls:0000171.Hermaphrodite.WBbt:0004804.SRP029448.SRX343235","RNASeq_Study.SRP029448","60 min post first-cleavage Ce","3401.850098"
"RNASeq.elegans.N2.WBls:0000171.Hermaphrodite.WBbt:0007833.SRP029448.SRX343163","RNASeq_Study.SRP029448","60 min post first-cleavage Ce","3097.469971"
"RNASeq.elegans.N2.WBls:0000171.Hermaphrodite.WBbt:0008115.SRP029448.SRX343329","RNASeq_Study.SRP029448","60 min post first-cleavage Ce","2057.199951"
"RNASeq.elegans.N2.WBls:0000171.Hermaphrodite.WBbt:0008115.SRP029448.SRX343330","RNASeq_Study.SRP029448","60 min post first-cleavage Ce","1966.569946"
"RNASeq.elegans.N2.WBls:0000181.Hermaphrodite.WBbt:0007833.SRP029448.SRX343164","RNASeq_Study.SRP029448","70 min post first-cleavage Ce","3026.23999"
"RNASeq.elegans.N2.WBls:0000191.Hermaphrodite.WBbt:0007833.SRP029448.SRX343165","RNASeq_Study.SRP029448","80 min post first-cleavage Ce","3291.909912"
"RNASeq.elegans.N2.WBls:0000201.Hermaphrodite.WBbt:0003810.SRP029448.SRX343312","RNASeq_Study.SRP029448","90 min post first-cleavage Ce","5105.109863"
"RNASeq.elegans.N2.WBls:0000201.Hermaphrodite.WBbt:0003810.SRP029448.SRX343313","RNASeq_Study.SRP029448","90 min post first-cleavage Ce","3754.850098"
"RNASeq.elegans.N2.WBls:0000201.Hermaphrodite.WBbt:0004015.SRP029448.SRX343287","RNASeq_Study.SRP029448","90 min post first-cleavage Ce","3517.51001"
"RNASeq.elegans.N2.WBls:0000201.Hermaphrodite.WBbt:0004015.SRP029448.SRX343288","RNASeq_Study.SRP029448","90 min post first-cleavage Ce","5190.580078"
"RNASeq.elegans.N2.WBls:0000201.Hermaphrodite.WBbt:0004458.SRP029448.SRX343261","RNASeq_Study.SRP029448","90 min post first-cleavage Ce","5194.560059"
"RNASeq.elegans.N2.WBls:0000201.Hermaphrodite.WBbt:0004458.SRP029448.SRX343262","RNASeq_Study.SRP029448","90 min post first-cleavage Ce","4404.439941"
"RNASeq.elegans.N2.WBls:0000201.Hermaphrodite.WBbt:0004458.SRP029448.SRX343263","RNASeq_Study.SRP029448","90 min post first-cleavage Ce","3004.389893"
"RNASeq.elegans.N2.WBls:0000201.Hermaphrodite.WBbt:0004804.SRP029448.SRX343236","RNASeq_Study.SRP029448","90 min post first-cleavage Ce","4004.179932"
"RNASeq.elegans.N2.WBls:0000201.Hermaphrodite.WBbt:0004804.SRP029448.SRX343237","RNASeq_Study.SRP029448","90 min post first-cleavage Ce","4342.870117"
"RNASeq.elegans.N2.WBls:0000201.Hermaphrodite.WBbt:0004804.SRP029448.SRX343238","RNASeq_Study.SRP029448","90 min post first-cleavage Ce","3821.399902"
"RNASeq.elegans.N2.WBls:0000201.Hermaphrodite.WBbt:0008115.SRP029448.SRX343331","RNASeq_Study.SRP029448","90 min post first-cleavage Ce","2040.119995"
"RNASeq.elegans.N2.WBls:0000201.Hermaphrodite.WBbt:0008115.SRP029448.SRX343332","RNASeq_Study.SRP029448","90 min post first-cleavage Ce","2490.379883"
"RNASeq.elegans.N2.WBls:0000221.Hermaphrodite.WBbt:0003810.SRP029448.SRX343314","RNASeq_Study.SRP029448","110 min post first-cleavage Ce","2633.629883"
"RNASeq.elegans.N2.WBls:0000221.Hermaphrodite.WBbt:0003810.SRP029448.SRX343315","RNASeq_Study.SRP029448","110 min post first-cleavage Ce","4312.759766"
"RNASeq.elegans.N2.WBls:0000221.Hermaphrodite.WBbt:0004015.SRP029448.SRX343290","RNASeq_Study.SRP029448","110 min post first-cleavage Ce","3504.129883"
"RNASeq.elegans.N2.WBls:0000221.Hermaphrodite.WBbt:0004015.SRP029448.SRX343291","RNASeq_Study.SRP029448","110 min post first-cleavage Ce","4432.029785"
"RNASeq.elegans.N2.WBls:0000221.Hermaphrodite.WBbt:0004458.SRP029448.SRX343264","RNASeq_Study.SRP029448","110 min post first-cleavage Ce","4179.5"
"RNASeq.elegans.N2.WBls:0000221.Hermaphrodite.WBbt:0004458.SRP029448.SRX343265","RNASeq_Study.SRP029448","110 min post first-cleavage Ce","2400.800049"
"RNASeq.elegans.N2.WBls:0000221.Hermaphrodite.WBbt:0004458.SRP029448.SRX343266","RNASeq_Study.SRP029448","110 min post first-cleavage Ce","3724.169922"
"RNASeq.elegans.N2.WBls:0000221.Hermaphrodite.WBbt:0004804.SRP029448.SRX343241","RNASeq_Study.SRP029448","110 min post first-cleavage Ce","4592.040039"
"RNASeq.elegans.N2.WBls:0000221.Hermaphrodite.WBbt:0008115.SRP029448.SRX343333","RNASeq_Study.SRP029448","110 min post first-cleavage Ce","2281.070068"
"RNASeq.elegans.N2.WBls:0000221.Hermaphrodite.WBbt:0008115.SRP029448.SRX343334","RNASeq_Study.SRP029448","110 min post first-cleavage Ce","1332.869995"
"RNASeq.elegans.N2.WBls:0000231.Hermaphrodite.WBbt:0007833.SRP029448.SRX343167","RNASeq_Study.SRP029448","120 min post first-cleavage Ce","3077.189941"
"RNASeq.elegans.N2.WBls:0000251.Hermaphrodite.WBbt:0003810.SRP029448.SRX343317","RNASeq_Study.SRP029448","140 min post first-cleavage Ce","2498.070068"
"RNASeq.elegans.N2.WBls:0000251.Hermaphrodite.WBbt:0004015.SRP029448.SRX343292","RNASeq_Study.SRP029448","140 min post first-cleavage Ce","2698.169922"
"RNASeq.elegans.N2.WBls:0000251.Hermaphrodite.WBbt:0004458.SRP029448.SRX343268","RNASeq_Study.SRP029448","140 min post first-cleavage Ce","1990.300049"
"RNASeq.elegans.N2.WBls:0000251.Hermaphrodite.WBbt:0004804.SRP029448.SRX343242","RNASeq_Study.SRP029448","140 min post first-cleavage Ce","1188.780029"
"RNASeq.elegans.N2.WBls:0000251.Hermaphrodite.WBbt:0004804.SRP029448.SRX343243","RNASeq_Study.SRP029448","140 min post first-cleavage Ce","890.752014"
"RNASeq.elegans.N2.WBls:0000251.Hermaphrodite.WBbt:0004804.SRP029448.SRX343244","RNASeq_Study.SRP029448","140 min post first-cleavage Ce","3593.689941"
"RNASeq.elegans.N2.WBls:0000251.Hermaphrodite.WBbt:0007833.SRP029448.SRX343168","RNASeq_Study.SRP029448","140 min post first-cleavage Ce","2969.030029"
"RNASeq.elegans.N2.WBls:0000251.Hermaphrodite.WBbt:0008115.SRP029448.SRX343335","RNASeq_Study.SRP029448","140 min post first-cleavage Ce","1666.800049"
"RNASeq.elegans.N2.WBls:0000251.Hermaphrodite.WBbt:0008115.SRP029448.SRX343336","RNASeq_Study.SRP029448","140 min post first-cleavage Ce","2377.959961"
"RNASeq.elegans.N2.WBls:0000251.Hermaphrodite.WBbt:0008115.SRP029448.SRX343337","RNASeq_Study.SRP029448","140 min post first-cleavage Ce","3562.870117"
"RNASeq.elegans.N2.WBls:0000261.Hermaphrodite.WBbt:0007833.SRP029448.SRX343169","RNASeq_Study.SRP029448","150 min post first-cleavage Ce","2793.419922"
"RNASeq.elegans.N2.WBls:0000281.Hermaphrodite.WBbt:0007833.SRP029448.SRX343170","RNASeq_Study.SRP029448","170 min post first-cleavage Ce","2202.389893"
"RNASeq.elegans.N2.WBls:0000291.Hermaphrodite.WBbt:0003810.SRP029448.SRX343318","RNASeq_Study.SRP029448","180 min post first-cleavage Ce","859.185974"
"RNASeq.elegans.N2.WBls:0000291.Hermaphrodite.WBbt:0003810.SRP029448.SRX343319","RNASeq_Study.SRP029448","180 min post first-cleavage Ce","836.026978"
"RNASeq.elegans.N2.WBls:0000291.Hermaphrodite.WBbt:0004015.SRP029448.SRX343294","RNASeq_Study.SRP029448","180 min post first-cleavage Ce","791.182007"
"RNASeq.elegans.N2.WBls:0000291.Hermaphrodite.WBbt:0004015.SRP029448.SRX343295","RNASeq_Study.SRP029448","180 min post first-cleavage Ce","1811.839966"
"RNASeq.elegans.N2.WBls:0000291.Hermaphrodite.WBbt:0004015.SRP029448.SRX343296","RNASeq_Study.SRP029448","180 min post first-cleavage Ce","2131.939941"
"RNASeq.elegans.N2.WBls:0000291.Hermaphrodite.WBbt:0004458.SRP029448.SRX343271","RNASeq_Study.SRP029448","180 min post first-cleavage Ce","913.77301"
"RNASeq.elegans.N2.WBls:0000291.Hermaphrodite.WBbt:0004458.SRP029448.SRX343272","RNASeq_Study.SRP029448","180 min post first-cleavage Ce","892.807983"
"RNASeq.elegans.N2.WBls:0000291.Hermaphrodite.WBbt:0004804.SRP029448.SRX343245","RNASeq_Study.SRP029448","180 min post first-cleavage Ce","929.434021"
"RNASeq.elegans.N2.WBls:0000291.Hermaphrodite.WBbt:0004804.SRP029448.SRX343246","RNASeq_Study.SRP029448","180 min post first-cleavage Ce","487.98999"
"RNASeq.elegans.N2.WBls:0000291.Hermaphrodite.WBbt:0004804.SRP029448.SRX343247","RNASeq_Study.SRP029448","180 min post first-cleavage Ce","1624.829956"
"RNASeq.elegans.N2.WBls:0000291.Hermaphrodite.WBbt:0007833.SRP029448.SRX343171","RNASeq_Study.SRP029448","180 min post first-cleavage Ce","1905.02002"
"RNASeq.elegans.N2.WBls:0000291.Hermaphrodite.WBbt:0008115.SRP029448.SRX343338","RNASeq_Study.SRP029448","180 min post first-cleavage Ce","1876.949951"
"RNASeq.elegans.N2.WBls:0000291.Hermaphrodite.WBbt:0008115.SRP029448.SRX343339","RNASeq_Study.SRP029448","180 min post first-cleavage Ce","1302.819946"
"RNASeq.elegans.N2.WBls:0000301.Hermaphrodite.WBbt:0007833.SRP029448.SRX343172","RNASeq_Study.SRP029448","190 min post first-cleavage Ce","1813.27002"
"RNASeq.elegans.N2.WBls:0000311.Hermaphrodite.WBbt:0007833.SRP029448.SRX343173","RNASeq_Study.SRP029448","200 min post first-cleavage Ce","1006.320007"
"RNASeq.elegans.N2.WBls:0000321.Hermaphrodite.WBbt:0007833.SRP029448.SRX343174","RNASeq_Study.SRP029448","210 min post first-cleavage Ce","887.64801"
"RNASeq.elegans.N2.WBls:0000331.Hermaphrodite.WBbt:0007833.SRP029448.SRX343175","RNASeq_Study.SRP029448","220 min post first-cleavage Ce","771.463989"
"RNASeq.elegans.N2.WBls:0000331.Hermaphrodite.WBbt:0007833.SRP029448.SRX343176","RNASeq_Study.SRP029448","220 min post first-cleavage Ce","1060.930054"
"RNASeq.elegans.N2.WBls:0000351.Hermaphrodite.WBbt:0007833.SRP029448.SRX343178","RNASeq_Study.SRP029448","240 min post first-cleavage Ce","1156.02002"
"RNASeq.elegans.N2.WBls:0000351.Hermaphrodite.WBbt:0007833.SRP029448.SRX343179","RNASeq_Study.SRP029448","240 min post first-cleavage Ce","985.012024"
"RNASeq.elegans.N2.WBls:0000361.Hermaphrodite.WBbt:0007833.SRP029448.SRX343180","RNASeq_Study.SRP029448","250 min post first-cleavage Ce","1150.719971"
"RNASeq.elegans.N2.WBls:0000381.Hermaphrodite.WBbt:0003810.SRP029448.SRX343320","RNASeq_Study.SRP029448","270 min post first-cleavage Ce","647.239014"
"RNASeq.elegans.N2.WBls:0000381.Hermaphrodite.WBbt:0004015.SRP029448.SRX343297","RNASeq_Study.SRP029448","270 min post first-cleavage Ce","892.492981"
"RNASeq.elegans.N2.WBls:0000381.Hermaphrodite.WBbt:0004015.SRP029448.SRX343299","RNASeq_Study.SRP029448","270 min post first-cleavage Ce","1346.079956"
"RNASeq.elegans.N2.WBls:0000381.Hermaphrodite.WBbt:0004458.SRP029448.SRX343274","RNASeq_Study.SRP029448","270 min post first-cleavage Ce","836.478027"
"RNASeq.elegans.N2.WBls:0000381.Hermaphrodite.WBbt:0004458.SRP029448.SRX343275","RNASeq_Study.SRP029448","270 min post first-cleavage Ce","782.064026"
"RNASeq.elegans.N2.WBls:0000381.Hermaphrodite.WBbt:0004804.SRP029448.SRX343248","RNASeq_Study.SRP029448","270 min post first-cleavage Ce","717.685974"
"RNASeq.elegans.N2.WBls:0000381.Hermaphrodite.WBbt:0004804.SRP029448.SRX343249","RNASeq_Study.SRP029448","270 min post first-cleavage Ce","319.112"
"RNASeq.elegans.N2.WBls:0000381.Hermaphrodite.WBbt:0004804.SRP029448.SRX343250","RNASeq_Study.SRP029448","270 min post first-cleavage Ce","441.384003"
"RNASeq.elegans.N2.WBls:0000381.Hermaphrodite.WBbt:0008115.SRP029448.SRX343340","RNASeq_Study.SRP029448","270 min post first-cleavage Ce","1430.650024"
"RNASeq.elegans.N2.WBls:0000391.Hermaphrodite.WBbt:0007833.SRP029448.SRX343181","RNASeq_Study.SRP029448","280 min post first-cleavage Ce","1022.630005"
"RNASeq.elegans.N2.WBls:0000401.Hermaphrodite.WBbt:0007833.SRP029448.SRX343182","RNASeq_Study.SRP029448","290 min post first-cleavage Ce","1046.880005"
"RNASeq.elegans.N2.WBls:0000421.Hermaphrodite.WBbt:0007833.SRP029448.SRX343184","RNASeq_Study.SRP029448","310 min post first-cleavage Ce","1001.799988"
"RNASeq.elegans.N2.WBls:0000431.Hermaphrodite.WBbt:0007833.SRP029448.SRX343185","RNASeq_Study.SRP029448","320 min post first-cleavage Ce","857.328979"
"RNASeq.elegans.N2.WBls:0000451.Hermaphrodite.WBbt:0007833.SRP029448.SRX343186","RNASeq_Study.SRP029448","340 min post first-cleavage Ce","729.752991"
"RNASeq.elegans.N2.WBls:0000461.Hermaphrodite.WBbt:0007833.SRP029448.SRX343187","RNASeq_Study.SRP029448","350 min post first-cleavage Ce","664.184021"
"RNASeq.elegans.N2.WBls:0000471.Hermaphrodite.WBbt:0004015.SRP029448.SRX343300","RNASeq_Study.SRP029448","360 min post first-cleavage Ce","1070.680054"
"RNASeq.elegans.N2.WBls:0000471.Hermaphrodite.WBbt:0004015.SRP029448.SRX343301","RNASeq_Study.SRP029448","360 min post first-cleavage Ce","661.278992"
"RNASeq.elegans.N2.WBls:0000471.Hermaphrodite.WBbt:0004015.SRP029448.SRX343302","RNASeq_Study.SRP029448","360 min post first-cleavage Ce","828.046997"
"RNASeq.elegans.N2.WBls:0000471.Hermaphrodite.WBbt:0004458.SRP029448.SRX343276","RNASeq_Study.SRP029448","360 min post first-cleavage Ce","565.08197"
"RNASeq.elegans.N2.WBls:0000471.Hermaphrodite.WBbt:0004804.SRP029448.SRX343251","RNASeq_Study.SRP029448","360 min post first-cleavage Ce","393.552002"
"RNASeq.elegans.N2.WBls:0000471.Hermaphrodite.WBbt:0007833.SRP029448.SRX343189","RNASeq_Study.SRP029448","360 min post first-cleavage Ce","562.598999"
"RNASeq.elegans.N2.WBls:0000471.Hermaphrodite.WBbt:0008115.SRP029448.SRX343341","RNASeq_Study.SRP029448","360 min post first-cleavage Ce","515.455994"
"RNASeq.elegans.N2.WBls:0000491.Hermaphrodite.WBbt:0007833.SRP029448.SRX343191","RNASeq_Study.SRP029448","380 min post first-cleavage Ce","824.257019"
"RNASeq.elegans.N2.WBls:0000501.Hermaphrodite.WBbt:0007833.SRP029448.SRX343192","RNASeq_Study.SRP029448","390 min post first-cleavage Ce","844.934021"
"RNASeq.elegans.N2.WBls:0000511.Hermaphrodite.WBbt:0007833.SRP029448.SRX343194","RNASeq_Study.SRP029448","400 min post first-cleavage Ce","424.042999"
"RNASeq.elegans.N2.WBls:0000521.Hermaphrodite.WBbt:0007833.SRP029448.SRX343195","RNASeq_Study.SRP029448","410 min post first-cleavage Ce","871.388"
"RNASeq.elegans.N2.WBls:0000531.Hermaphrodite.WBbt:0007833.SRP029448.SRX343196","RNASeq_Study.SRP029448","420 min post first-cleavage Ce","769.044006"
"RNASeq.elegans.N2.WBls:0000531.Hermaphrodite.WBbt:0007833.SRP029448.SRX343197","RNASeq_Study.SRP029448","420 min post first-cleavage Ce","567.416992"
"RNASeq.elegans.N2.WBls:0000541.Hermaphrodite.WBbt:0007833.SRP029448.SRX343198","RNASeq_Study.SRP029448","430 min post first-cleavage Ce","986.107971"
"RNASeq.elegans.N2.WBls:0000541.Hermaphrodite.WBbt:0007833.SRP029448.SRX343199","RNASeq_Study.SRP029448","430 min post first-cleavage Ce","422.915985"
"RNASeq.elegans.N2.WBls:0000551.Hermaphrodite.WBbt:0007833.SRP029448.SRX343200","RNASeq_Study.SRP029448","440 min post first-cleavage Ce","859.484009"
"RNASeq.elegans.N2.WBls:0000561.Hermaphrodite.WBbt:0007833.SRP029448.SRX343201","RNASeq_Study.SRP029448","450 min post first-cleavage Ce","325.894989"
"RNASeq.elegans.N2.WBls:0000581.Hermaphrodite.WBbt:0007833.SRP029448.SRX343202","RNASeq_Study.SRP029448","470 min post first-cleavage Ce","198.507996"
"RNASeq.elegans.N2.WBls:0000621.Hermaphrodite.WBbt:0007833.SRP029448.SRX343203","RNASeq_Study.SRP029448","510 min post first-cleavage Ce","310.229004"
"RNASeq.elegans.N2.WBls:0000674.Hermaphrodite.WBbt:0007833.SRP021083.SRX265367","RNASeq_Study.SRP021083","10-days post-L4 adult hermaphrodite Ce","1902.040039"
"RNASeq.elegans.N2.WBls:0000674.Hermaphrodite.WBbt:0007833.SRP021083.SRX265368","RNASeq_Study.SRP021083","10-days post-L4 adult hermaphrodite Ce","1830.689941"
"RNASeq.elegans.N2.WBls:0000674.Hermaphrodite.WBbt:0007833.SRP021083.SRX265370","RNASeq_Study.SRP021083","10-days post-L4 adult hermaphrodite Ce","1658.579956"
"RNASeq.elegans.N2.WBls:0000676.Hermaphrodite.WBbt:0007833.SRP021083.SRX265372","RNASeq_Study.SRP021083","20-days post-L4 adult hermaphrodite Ce","1743.069946"
"RNASeq.elegans.N2.WBls:0000676.Hermaphrodite.WBbt:0007833.SRP021083.SRX265373","RNASeq_Study.SRP021083","20-days post-L4 adult hermaphrodite Ce","1501.849976"
"RNASeq.elegans.N2.WBls:0000676.Hermaphrodite.WBbt:0007833.SRP021083.SRX265374","RNASeq_Study.SRP021083","20-days post-L4 adult hermaphrodite Ce","1762.959961"
"RNASeq.elegans.N2.WBls:0000676.Hermaphrodite.WBbt:0007833.SRP021083.SRX265375","RNASeq_Study.SRP021083","20-days post-L4 adult hermaphrodite Ce","1611.859985"
"RNASeq.elegans.N2.WBls:0000694.Hermaphrodite.WBbt:0007833.SRP029448.SRX343205","RNASeq_Study.SRP029448","570 min post first-cleavage Ce","167.024994"
"RNASeq.elegans.N2.WBls:0000695.Hermaphrodite.WBbt:0007833.SRP029448.SRX343206","RNASeq_Study.SRP029448","640 min post first-cleavage Ce","134.009995"
"RNASeq.elegans.N2.WBls:0000696.Hermaphrodite.WBbt:0007833.SRP029448.SRX343207","RNASeq_Study.SRP029448","650 min post first-cleavage Ce","164.501007"
"RNASeq.elegans.N2.WBls:0000697.Hermaphrodite.WBbt:0007833.SRP029448.SRX343208","RNASeq_Study.SRP029448","660 min post first-cleavage Ce","152.845993"
"RNASeq.elegans.N2.WBls:0000699.Hermaphrodite.WBbt:0007833.SRP029448.SRX343210","RNASeq_Study.SRP029448","770 min post first-cleavage Ce","273.764008"
"RNASeq.elegans.N2.WBls:0000700.Hermaphrodite.WBbt:0007833.SRP029448.SRX343211","RNASeq_Study.SRP029448","780 min post first-cleavage Ce","102.011002"
"RNASeq.elegans.N2.WBls:0000701.Hermaphrodite.WBbt:0007833.SRP029448.SRX343212","RNASeq_Study.SRP029448","820 min post first-cleavage Ce","174.186005"
"RNASeq.elegans.N2.WBls:0000702.Hermaphrodite.WBbt:0007833.SRP029448.SRX343213","RNASeq_Study.SRP029448","830 min post first-cleavage Ce","103.728996"
"RNASeq.elegans.N2.WBls:0000703.Hermaphrodite.WBbt:0007833.SRP029448.SRX343214","RNASeq_Study.SRP029448","850 min post first-cleavage Ce","150.106003"
"RNASeq.elegans.NC1750.WBls:0000021.Hermaphrodite.WBbt:0006819.SRP000401.SRX1041642","RNASeq_Study.SRP000401","fully-elongated embryo Ce","1152.420044"
"RNASeq.elegans.NC1750.WBls:0000021.Hermaphrodite.WBbt:0006819.SRP000401.SRX1041643","RNASeq_Study.SRP000401","fully-elongated embryo Ce","400.132996"
"RNASeq.elegans.NC1750.WBls:0000021.Hermaphrodite.WBbt:0006819.SRP000401.SRX1041646","RNASeq_Study.SRP000401","fully-elongated embryo Ce","1791.650024"
"RNASeq.elegans.NC1750.WBls:0000021.Hermaphrodite.WBbt:0006819.SRP000401.SRX1041647","RNASeq_Study.SRP000401","fully-elongated embryo Ce","1353.369995"
"RNASeq.elegans.NC1924.WBls:0000038.Hermaphrodite.WBbt:0003670.SRP000401.SRX1041641","RNASeq_Study.SRP000401","L4 larva Ce","535.171021"
"RNASeq.elegans.NC1924.WBls:0000038.Hermaphrodite.WBbt:0003670.SRP000401.SRX1041644","RNASeq_Study.SRP000401","L4 larva Ce","355.636993"
"RNASeq.elegans.NC2015.WBls:0000021.Hermaphrodite.WBbt:0005840.SRP000401.SRX1041558","RNASeq_Study.SRP000401","fully-elongated embryo Ce","1393.560059"
"RNASeq.elegans.NC2015.WBls:0000021.Hermaphrodite.WBbt:0005840.SRP000401.SRX1041559","RNASeq_Study.SRP000401","fully-elongated embryo Ce","764.202026"
"RNASeq.elegans.NC2015.WBls:0000021.Hermaphrodite.WBbt:0005840.SRP000401.SRX1041571","RNASeq_Study.SRP000401","fully-elongated embryo Ce","850.916016"
"RNASeq.elegans.NC2015.WBls:0000021.Hermaphrodite.WBbt:0005840.SRP000401.SRX1041572","RNASeq_Study.SRP000401","fully-elongated embryo Ce","490.265015"
"RNASeq.elegans.NW1229.WBls:0000024.Hermaphrodite.WBbt:0003679.SRP000401.SRX151599","RNASeq_Study.SRP000401","L1 larva Ce","409.381989"
"RNASeq.elegans.NW1229.WBls:0000024.Hermaphrodite.WBbt:0003679.SRP000401.SRX151602","RNASeq_Study.SRP000401","L1 larva Ce","354.86499"
"RNASeq.elegans.NW1229.WBls:0000024.Hermaphrodite.WBbt:0003679.SRP000401.SRX190365","RNASeq_Study.SRP000401","L1 larva Ce","163.354996"
"RNASeq.elegans.NW1229.WBls:0000024.Hermaphrodite.WBbt:0003679.SRP000401.SRX190366","RNASeq_Study.SRP000401","L1 larva Ce","386.309998"
"RNASeq.elegans.PS4730.WBls:0000035.Male.WBbt:0005062.SRP015688.SRX185660","RNASeq_Study.SRP015688","L3 larva Ce","4717.450195"
"RNASeq.elegans.PS4730.WBls:0000035.Male.WBbt:0005062.SRP015688.SRX185667","RNASeq_Study.SRP015688","L3 larva Ce","9149.339844"
"RNASeq.elegans.PS4730.WBls:0000035.Male.WBbt:0005062.SRP015688.SRX185668","RNASeq_Study.SRP015688","L3 larva Ce","3067.070068"
"RNASeq.elegans.PS4730.WBls:0000035.Male.WBbt:0005062.SRP015688.SRX185669","RNASeq_Study.SRP015688","L3 larva Ce","5457.22998"
"RNASeq.elegans.PS4730.WBls:0000035.Male.WBbt:0005062.SRP015688.SRX185670","RNASeq_Study.SRP015688","L3 larva Ce","1812.339966"
"RNASeq.elegans.PS4730.WBls:0000035.Male.WBbt:0005062.SRP015688.SRX185672","RNASeq_Study.SRP015688","L3 larva Ce","7526.850098"
"RNASeq.elegans.PS4730.WBls:0000038.Male.WBbt:0005062.SRP015688.SRX185638","RNASeq_Study.SRP015688","L4 larva Ce","1912.920044"
"RNASeq.elegans.PS4730.WBls:0000038.Male.WBbt:0005062.SRP015688.SRX185661","RNASeq_Study.SRP015688","L4 larva Ce","3944.51001"
"RNASeq.elegans.PS4730.WBls:0000038.Male.WBbt:0005062.SRP015688.SRX185662","RNASeq_Study.SRP015688","L4 larva Ce","2314.51001"
"RNASeq.elegans.PS4730.WBls:0000038.Male.WBbt:0005062.SRP015688.SRX185663","RNASeq_Study.SRP015688","L4 larva Ce","1358.040039"
"RNASeq.elegans.PS4730.WBls:0000038.Male.WBbt:0005062.SRP015688.SRX185664","RNASeq_Study.SRP015688","L4 larva Ce","3931.969971"
"RNASeq.elegans.PS4730.WBls:0000038.Male.WBbt:0005062.SRP015688.SRX185665","RNASeq_Study.SRP015688","L4 larva Ce","2076.659912"
"RNASeq.elegans.PS4730.WBls:0000038.Male.WBbt:0005062.SRP015688.SRX185666","RNASeq_Study.SRP015688","L4 larva Ce","2335.139893"
"RNASeq.elegans.PS4730.WBls:0000038.Male.WBbt:0005062.SRP015688.SRX185674","RNASeq_Study.SRP015688","L4 larva Ce","3640.899902"
"RNASeq.elegans.PS4730.WBls:0000038.Male.WBbt:0005062.SRP015688.SRX185676","RNASeq_Study.SRP015688","L4 larva Ce","545.153992"
"RNASeq.elegans.PS4730.WBls:0000038.Male.WBbt:0005062.SRP015688.SRX185678","RNASeq_Study.SRP015688","L4 larva Ce","1248.829956"
"RNASeq.elegans.PS4730.WBls:0000038.Male.WBbt:0005062.SRP015688.SRX185680","RNASeq_Study.SRP015688","L4 larva Ce","4300.450195"
"RNASeq.elegans.PS4730.WBls:0000038.Male.WBbt:0005062.SRP015688.SRX185681","RNASeq_Study.SRP015688","L4 larva Ce","6317.169922"
"RNASeq.elegans.RB886.WBls:0000002.Hermaphrodite.WBbt:0007833.SRP030526.SRX362655","RNASeq_Study.SRP030526","all stages Ce","116.264"
"RNASeq.elegans.RB886.WBls:0000002.Hermaphrodite.WBbt:0007833.SRP030526.SRX362686","RNASeq_Study.SRP030526","all stages Ce","93.849403"
"RNASeq.elegans.RB886.WBls:0000002.Hermaphrodite.WBbt:0007833.SRP030526.SRX362687","RNASeq_Study.SRP030526","all stages Ce","99.210701"
"RNASeq.elegans.SS104.WBls:0000063.Hermaphrodite.WBbt:0005175.SRP049412.SRX747677","RNASeq_Study.SRP049412","newly molted young adult hermaphrodite Ce","1393.780029"
"RNASeq.elegans.SS104.WBls:0000063.Hermaphrodite.WBbt:0005175.SRP049412.SRX747678","RNASeq_Study.SRP049412","newly molted young adult hermaphrodite Ce","1530.680054"
"RNASeq.elegans.SS104.WBls:0000063.Hermaphrodite.WBbt:0005784.SRP049412.SRX747679","RNASeq_Study.SRP049412","newly molted young adult hermaphrodite Ce","597.771973"
"RNASeq.elegans.SS104.WBls:0000063.Hermaphrodite.WBbt:0005784.SRP049412.SRX747680","RNASeq_Study.SRP049412","newly molted young adult hermaphrodite Ce","714.572998"
"RNASeq.elegans.SS747.WBls:0000004.Hermaphrodite.WBbt:0006849.SRP000401.SRX1041553","RNASeq_Study.SRP000401","proliferating embryo Ce","254.634995"
"RNASeq.elegans.SS747.WBls:0000004.Hermaphrodite.WBbt:0006849.SRP000401.SRX1041554","RNASeq_Study.SRP000401","proliferating embryo Ce","90.436203"
"RNASeq.elegans.SS747.WBls:0000004.Hermaphrodite.WBbt:0006849.SRP000401.SRX1041561","RNASeq_Study.SRP000401","proliferating embryo Ce","334.699005"
"RNASeq.elegans.SS747.WBls:0000004.Hermaphrodite.WBbt:0006849.SRP000401.SRX1041562","RNASeq_Study.SRP000401","proliferating embryo Ce","126.954002"
"RNASeq.elegans.TU2589.WBls:0000038.Hermaphrodite.WBbt:0005490.SRP074511.SRX1746482","RNASeq_Study.SRP074511","L4 larva Ce","1841.02002"
"RNASeq.elegans.VC1305.WBls:0000002.Hermaphrodite.WBbt:0007833.SRP030526.SRX362860","RNASeq_Study.SRP030526","all stages Ce","92.988197"
"RNASeq.elegans.VC1305.WBls:0000002.Hermaphrodite.WBbt:0007833.SRP030526.SRX362868","RNASeq_Study.SRP030526","all stages Ce","97.843002"
"RNASeq.elegans.VC1305.WBls:0000002.Hermaphrodite.WBbt:0007833.SRP030526.SRX362869","RNASeq_Study.SRP030526","all stages Ce","92.554398"
"RNASeq.elegans.WM300.WBls:0000041.Male.WBbt:0005784.SRP028611.SRX333010","RNASeq_Study.SRP028611","adult Ce","288.10199"
"RNASeq.elegans.WM300.WBls:0000041.Male.WBbt:0005784.SRP028611.SRX333011","RNASeq_Study.SRP028611","adult Ce","197.283997"